timestamp,gyro_x,gyro_y,gyro_z
1499000675956,0.0023956299,0.01991272,-0.003692627
1499000675979,-0.10786438,0.04283142,0.01020813
1499000675997,-0.10984802,0.03213501,0.0034942627
1499000676017,-0.061431885,0.031982422,-0.002319336
1499000676036,-0.040359497,0.06175232,0.0135650635
1499000676056,-0.030593872,0.04374695,0.011123657
1499000676078,-0.004928589,-0.01902771,-0.004760742
1499000676097,0.011260986,-0.01550293,-0.032089233
1499000676117,0.005142212,0.03152466,-0.049346924
1499000676138,-0.029067993,0.03564453,-0.06355286
1499000676158,-0.05105591,0.03289795,-0.07606506
1499000676177,-0.059753418,0.028015137,-0.08050537
1499000676198,-0.082351685,0.027404785,-0.0655365
1499000676239,-0.09197998,-0.006652832,-0.03147888
1499000676240,-0.049224854,-0.0013122559,-0.013305664
1499000676258,-0.021728516,0.024963379,-0.02659607
1499000676279,-0.043563843,0.011367798,-0.023391724
1499000676299,-0.044326782,0.0049591064,-0.0140686035
1499000676319,-0.005996704,0.017318726,-0.019866943
1499000676340,0.022094727,0.021896362,-0.04171753
1499000676359,0.01889038,0.020843506,-0.070877075
1499000676379,-0.0038604736,0.0029754639,-0.06690979
1499000676400,0.0057525635,-0.04147339,-0.065078735
1499000676420,0.021026611,-0.050323486,-0.07118225
1499000676439,-0.009506226,-0.014129639,-0.06263733
1499000676459,-0.046325684,-0.022994995,-0.044769287
1499000676479,-0.03883362,-0.049560547,-0.021850586
1499000676500,-0.0069122314,-0.02619934,-0.044158936
1499000676520,-0.020202637,-0.01902771,-0.07270813
1499000676540,-0.04447937,-0.045898438,-0.08569336
1499000676560,-0.027679443,-0.09660339,-0.06568909
1499000676581,-0.030593872,-0.10499573,-0.057281494
1499000676602,-0.046325684,-0.04498291,-0.065841675
1499000676621,-0.07533264,0.07260132,-0.121276855
1499000676641,-0.049224854,0.103302,-0.15272522
1499000676661,0.04423523,0.0015869141,-0.1530304
1499000676681,0.13342285,0.015182495,-0.14967346
1499000676703,0.07875061,0.053207397,-0.13502502
1499000676753,-0.016082764,0.019302368,-0.086761475
1499000676754,-0.009811401,-0.016418457,-0.02507019
1499000676762,0.04789734,-0.036117554,0.021972656
1499000676782,0.037979126,-0.05506897,0.037841797
1499000676805,0.02178955,-0.06452942,0.049453735
1499000676824,-0.014556885,-0.046051025,0.062286377
1499000676845,-0.003250122,-0.08529663,0.06777954
1499000676864,0.020721436,-0.026657104,0.043655396
1499000676884,-0.021575928,0.01991272,0.032958984
1499000676905,-0.05303955,-0.018112183,0.001663208
1499000676925,0.0054473877,-0.0075683594,-0.024459839
1499000676944,0.022705078,0.04222107,-0.044006348
1499000676966,-0.020812988,0.008773804,-0.057128906
1499000676985,0.0052948,-0.018569946,-0.057281494
1499000677006,0.015075684,0.017166138,-0.06614685
1499000677025,-0.0055389404,0.047561646,-0.0693512
1499000677045,-0.029373169,0.019454956,-0.05529785
1499000677066,0.0059051514,0.010604858,-0.0337677
1499000677086,0.035842896,0.009841919,-0.04032898
1499000677107,0.020263672,-0.011077881,-0.06706238
1499000677129,-0.018066406,-0.0115356445,-0.08035278
1499000677146,-0.02142334,-0.004058838,-0.045532227
1499000677167,-0.0105896,-0.020095825,-0.03529358
1499000677186,-0.0134887695,-0.030471802,-0.027359009
1499000677242,-0.015167236,-0.019332886,-0.024154663
1499000677242,0.0014801025,0.012435913,-0.012390137
1499000677245,0.009719849,-0.012298584,-0.031173706
1499000677265,0.0060577393,-0.010620117,-0.038650513
1499000677285,0.0152282715,0.009536743,-0.04093933
1499000677306,0.0052948,0.018539429,-0.042633057
1499000677325,0.0010223389,0.012741089,-0.037124634
1499000677347,0.010025024,-0.0115356445,-0.020629883
1499000677366,0.033096313,-0.019943237,-0.014831543
1499000677386,0.020721436,0.008010864,-0.0055236816
1499000677407,-0.008453369,0.018539429,0.0021209717
1499000677426,-0.033187866,0.04512024,0.012649536
1499000677446,-0.07044983,0.067108154,-0.024307251
1499000677467,-0.04234314,0.05000305,-0.05529785
1499000677486,-0.03074646,-0.0057373047,-0.05331421
1499000677508,0.008346558,0.0028076172,-0.034225464
1499000677527,0.03904724,0.008468628,-0.032546997
1499000677547,0.0851593,-0.021316528,-0.034683228
1499000677567,0.072647095,-0.01979065,-0.03437805
1499000677588,0.046066284,-0.020095825,-0.005218506
1499000677608,0.04576111,-0.020248413,0.0037994385
1499000677627,0.040267944,0.022506714,0.007156372
1499000677647,0.025756836,0.026794434,-0.017120361
1499000677668,0.019805908,-0.0036010742,-0.016662598
1499000677688,0.023162842,0.03060913,-0.0041503906
1499000677719,-0.011352539,0.017471313,-3.0517578E-5
1499000677728,-0.007827759,-0.044830322,0.010513306
1499000677748,0.024993896,-0.031234741,0.011581421
1499000677768,0.017059326,0.019607544,-0.0017089844
1499000677788,-0.007217407,0.0025024414,-0.034683228
1499000677810,-0.0256958,0.0021972656,-0.057434082
1499000677828,-0.030899048,0.03060913,-0.07148743
1499000677849,-0.05670166,0.030303955,-0.0667572
1499000677870,-0.042495728,0.020217896,-0.07652283
1499000677889,-0.036392212,-0.0013122559,-0.07545471
1499000677909,-0.039596558,0.008010864,-0.055908203
1499000677936,-0.02798462,0.028320313,-0.043701172
1499000677949,-0.028457642,0.011520386,-0.03742981
1499000677981,-0.002029419,-0.019180298,-0.0337677
1499000677990,0.030349731,0.0051116943,-0.037124634
1499000678011,0.033096313,0.035186768,-0.03453064
1499000678030,0.012786865,0.0493927,-0.03590393
1499000678050,-0.028289795,0.0018920898,-0.0395813
1499000678070,0.0013275146,0.0066375732,-0.044006348
1499000678091,0.013092041,0.030151367,-0.04660034
1499000678112,-0.012573242,0.021759033,-0.037124634
1499000678132,-0.00920105,0.02357483,-0.024612427
1499000678152,-0.0015716553,0.031066895,0.0036468506
1499000678172,-0.0012664795,0.03869629,0.014175415
1499000678192,0.00819397,0.022369385,-0.0113220215
1499000678221,0.005142212,0.014877319,-0.027511597
1499000678231,-0.022491455,0.016708374,-0.016357422
1499000678251,-0.019439697,0.017623901,-0.009033203
1499000678272,-0.015319824,-0.004058838,-0.009796143
1499000678292,0.002243042,-0.011383057,-0.0154418945
1499000678313,-0.0052337646,0.005874634,-0.0070495605
1499000678334,-0.0026397705,0.009994507,0.0019683838
1499000678352,-0.010894775,0.01625061,-0.004760742
1499000678372,-0.014099121,0.00541687,-0.012390137
1499000678392,-0.0079956055,0.009536743,-0.011169434
1499000678413,-0.015014648,0.011978149,-0.010864258
1499000678433,-0.020507813,0.0032806396,-0.009185791
1499000678453,-0.015777588,-0.00894165,-0.0017089844
1499000678473,-0.0134887695,3.6621094E-4,-0.0099487305
1499000678493,-0.021118164,0.015792847,-0.0078125
1499000678513,-0.04798889,0.002670288,-0.003540039
1499000678533,-0.0206604,-0.0072631836,2.746582E-4
1499000678553,-0.008148193,0.005722046,0.009140015
1499000678573,-0.024475098,0.009841919,0.0034942627
1499000678593,-0.034561157,0.015792847,-0.0055236816
1499000678614,-0.0315094,0.009384155,-0.0014038086
1499000678634,-0.01928711,0.010604858,0.005783081
1499000678654,-0.018218994,0.015792847,0.005630493
1499000678674,-0.028762817,0.027404785,-0.0067443848
1499000678694,-0.03211975,0.030151367,-0.010101318
1499000678716,-0.015777588,0.047714233,-0.006134033
1499000678735,-0.020202637,0.041290283,-0.016815186
1499000678758,-0.023712158,0.00831604,-0.025527954
1499000678776,-0.03715515,-0.019180298,-0.018341064
1499000678797,-0.06112671,-0.010467529,-0.02079773
1499000678818,-0.051818848,0.010604858,-0.020019531
1499000678837,-0.037765503,0.01625061,-0.013153076
1499000678857,-0.034866333,0.007095337,0.0027313232
1499000678880,-0.028289795,-0.0087890625,0.0039520264
1499000678897,-0.0206604,8.239746E-4,-0.015289307
1499000678918,-0.031661987,-0.013671875,-0.019561768
1499000678940,-0.06448364,-0.009399414,-0.006134033
1499000678959,-0.09335327,-0.025894165,-0.002166748
1499000678979,-0.11671448,-0.023147583,-0.023544312
1499000679000,-0.16452026,0.008468628,-0.009643555
1499000679020,-0.19306946,0.0032806396,0.021820068
1499000679040,-0.15779114,-0.0049743652,0.04701233
1499000679059,-0.14451599,-0.02116394,0.076187134
1499000679079,-0.1335144,-0.027420044,0.08076477
1499000679100,-0.15611267,-0.024368286,0.08320618
1499000679120,-0.16772461,-0.06636047,0.05923462
1499000679140,-0.17459106,-0.06880188,0.015701294
1499000679160,-0.18544006,-0.040863037,-0.016357422
1499000679180,-0.2020874,-0.039794922,-0.035446167
1499000679200,-0.19995117,-0.033676147,-0.06828308
1499000679233,-0.2135315,-0.01979065,-0.09454346
1499000679239,-0.22727966,-0.014892578,-0.1124115
1499000679258,-0.20483398,0.003112793,-0.104782104
1499000679279,-0.20483398,0.007095337,-0.08569336
1499000679299,-0.16619873,0.012283325,-0.09378052
1499000679322,-0.121902466,0.049545288,-0.078811646
1499000679342,-0.06602478,0.05381775,-0.08081055
1499000679361,-0.04295349,0.008468628,-0.14997864
1499000679381,-0.103897095,0.0234375,-0.24801636
1499000679401,-0.22254944,0.015335083,-0.27612305
1499000679423,-0.293396,-0.04421997,-0.23809814
1499000679441,-0.2992096,-0.06651306,-0.21427917
1499000679462,-0.3225708,-0.05154419,-0.21260071
1499000679481,-0.32669067,-0.01979065,-0.15670776
1499000679502,-0.29309082,-0.013671875,-0.057281494
1499000679522,-0.19581604,-0.009399414,0.011734009
1499000679542,-0.0942688,-0.005584717,0.023040771
1499000679562,-0.12037659,-0.008331299,0.048080444
1499000679583,-0.19276428,-0.023910522,0.08595276
1499000679603,-0.18482971,-0.032302856,0.12535095
1499000679624,-0.08938599,0.014572144,0.13497925
1499000679643,-0.028152466,0.051376343,0.13023376
1499000679663,-0.04724121,0.050460815,0.12123108
1499000679684,-0.042648315,0.090927124,0.112213135
1499000679704,-0.030288696,0.1724701,0.09159851
1499000679741,-0.064331055,0.29006958,0.042434692
1499000679742,-0.11305237,0.34136963,0.0460968
1499000679763,-0.0993042,0.33068848,0.13925171
1499000679783,0.040725708,0.31098938,0.24156189
1499000679803,0.17007446,0.24638367,0.28814697
1499000679825,0.26046753,0.11795044,0.3214264
1499000679845,0.3319397,0.06390381,0.27363586
1499000679865,0.23817444,0.118881226,0.2464447
1499000679885,0.1378479,0.265625,0.22994995
1499000679905,-0.101135254,0.31236267,0.2536316
1499000679926,-0.26835632,0.1843872,0.3075409
1499000679946,-0.2453003,0.08345032,0.3506012
1499000679966,0.01675415,-0.029403687,0.3777771
1499000679986,0.26979065,-0.2131195,0.36953735
1499000680006,0.27757263,-0.3360443,0.27775574
1499000680027,0.13586426,-0.2684021,0.17437744
1499000680046,0.007736206,-0.18623352,0.09649658
1499000680066,0.0028533936,-0.1529541,0.063812256
1499000680086,0.028656006,-0.0710907,-0.038345337
1499000680107,0.103637695,-0.057662964,-0.16265869
1499000680128,0.19740295,-0.12286377,-0.21382141
1499000680147,0.19114685,-0.14286804,-0.19992065
1499000680167,-0.093048096,0.0049591064,-0.16769409
1499000680188,-0.19734192,0.0594635,-0.102645874
1499000680207,-0.04310608,-0.04574585,-0.05819702
1499000680253,0.088531494,-0.08224487,-0.061569214
1499000680255,0.10684204,0.0074005127,-0.10005188
1499000680268,0.13250732,0.09352112,-0.12005615
1499000680288,0.2052002,0.17828369,-0.12768555
1499000680308,0.21542358,0.064208984,-0.15625
1499000680329,0.19969177,-0.16165161,-0.24359131
1499000680349,0.17495728,-0.31100464,-0.2866516
1499000680369,0.08363342,-0.27252197,-0.31170654
1499000680389,-6.5612793E-4,-0.2036438,-0.3419342
1499000680409,-0.12464905,-0.18409729,-0.34223938
1499000680430,-0.2059021,-0.21662903,-0.28848267
1499000680449,-0.07411194,-0.2992401,-0.29612732
1499000680469,-0.08770752,-0.28993225,-0.3083496
1499000680489,-0.24972534,-0.23358154,-0.2461853
1499000680518,-0.25904846,-0.118133545,-0.064315796
1499000680532,-0.08770752,-0.16973877,-0.072250366
1499000680548,0.045913696,-0.23297119,-0.25016785
1499000680568,0.069747925,-0.17814636,-0.25764465
1499000680589,0.0692749,-0.002532959,-0.13378906
1499000680609,0.04637146,0.2766266,-0.05407715
1499000680629,-0.098846436,0.36366272,-0.042785645
1499000680649,-0.23506165,0.11123657,-0.11042786
1499000680669,-0.36990356,0.027404785,-0.11607361
1499000680690,-0.4390869,0.14331055,-0.06904602
1499000680746,-0.39923096,0.39497375,0.09083557
1499000680747,-0.26667786,0.38504028,0.17024231
1499000680751,-0.06326294,0.18179321,0.11053467
1499000680771,0.13372803,0.028625488,0.08213806
1499000680792,0.27116394,-0.015045166,0.13114929
1499000680812,0.2140503,0.090774536,0.16123962
1499000680833,0.087142944,0.1515503,0.13513184
1499000680852,0.094329834,0.13827515,0.1615448
1499000680872,0.17984009,0.08390808,0.17376709
1499000680892,0.22444153,0.027709961,0.13191223
1499000680913,0.19999695,-0.041931152,0.011581421
1499000680935,0.06944275,-0.012451172,-0.04751587
1499000680953,0.01965332,0.29296875,0.03692627
1499000680973,0.12930298,0.36947632,0.03968811
1499000680993,0.13372803,0.16804504,-0.0617218
1499000681013,-0.018218994,0.24790955,-0.0012512207
1499000681034,-0.037460327,0.28623962,0.19468689
1499000681054,0.122421265,-0.075531006,0.29318237
1499000681073,0.23802185,-0.3520813,0.29318237
1499000681093,0.23756409,-0.3789673,0.28875732
1499000681114,0.19023132,-0.32658386,0.25927734
1499000681134,0.063934326,-0.22717285,0.16322327
1499000681154,-0.09655762,-0.07446289,0.075408936
1499000681173,-0.24926758,-0.03413391,0.08152771
1499000681195,-0.23460388,-0.028793335,0.123062134
1499000681250,-0.071517944,-0.036590576,0.119400024
1499000681251,0.083480835,-0.11141968,0.14855957
1499000681254,0.1289978,-0.15631104,0.17926025
1499000681274,0.028198242,-0.1320343,0.18063354
1499000681294,0.028961182,-0.12957764,0.12763977
1499000681315,0.12640381,-0.05307007,0.09388733
1499000681336,0.17755127,0.056259155,0.040603638
1499000681355,0.25054932,0.08711243,0.025787354
1499000681376,0.21237183,0.07901001,-0.014373779
1499000681396,0.13388062,-0.06452942,-0.047821045
1499000681416,0.12670898,-0.24243164,-0.026290894
1499000681438,0.10470581,-0.20747375,0.018615723
1499000681456,0.06561279,-0.14149475,0.043807983
1499000681476,-0.039138794,-0.1642456,0.12275696
1499000681497,-0.0315094,-0.38537598,0.12840271
1499000681517,0.066223145,-0.53793335,0.019836426
1499000681539,-0.0121154785,-0.547699,-0.39660645
1499000681556,-0.4919281,-0.24243164,-0.53404236
1499000681575,-0.7434387,-0.20578003,-0.37049866
1499000681598,-0.53086853,-0.2993927,-0.2568817
1499000681618,-0.09686279,-0.33070374,-0.15899658
1499000681639,0.23893738,-0.3310089,0.0068511963
1499000681659,0.15037537,-0.14118958,0.013717651
1499000681678,-0.13015747,-0.053222656,-0.27383423
1499000681699,-0.3763275,-0.09919739,-0.33995056
1499000681753,-0.43649292,-0.10179138,-0.24786377
1499000681755,-0.37739563,-0.05445862,0.005783081
1499000681758,-0.17306519,0.011978149,0.13345337
1499000681777,-0.009063721,0.07260132,0.0135650635
1499000681797,0.035232544,0.12849426,-0.051330566
1499000681819,0.097839355,0.2471466,0.050827026
1499000681840,0.15541077,0.26730347,0.09358215
1499000681860,0.20443726,0.17521667,0.10305786
1499000681879,0.31803894,0.18301392,0.074645996
1499000681900,0.42845154,0.36747742,0.022277832
1499000681920,0.42219543,0.45117188,0.003036499
1499000681940,0.35377502,0.4297943,-0.02796936
1499000681959,0.24215698,0.27357483,-0.0043029785
1499000681980,0.17526245,0.16117859,0.098480225
1499000682000,0.24015808,0.37802124,0.21316528
1499000682020,0.42097473,0.33374023,0.24263
1499000682042,0.42616272,-0.33436584,0.15711975
1499000682063,0.17449951,-0.17829895,0.045791626
1499000682081,0.03981018,0.24424744,0.11680603
1499000682101,0.021484375,0.07626343,0.26538086
1499000682121,-0.08204651,-0.104537964,0.31394958
1499000682142,-0.14405823,-0.34536743,0.35456848
1499000682161,-0.30607605,-0.27648926,0.3150177
1499000682181,-0.36410522,-0.095687866,0.23454285
1499000682202,-0.23262024,0.09779358,0.19285583
1499000682253,-0.16375732,0.17980957,0.2230835
1499000682255,-0.24560547,0.12208557,0.2337799
1499000682262,-0.33370972,-0.0075683594,0.19010925
1499000682282,-0.31324768,-0.119659424,0.18399048
1499000682302,-0.12878418,-0.19998169,0.21209717
1499000682322,0.094329834,-0.20976257,0.19941711
1499000682343,0.16748047,-0.17784119,0.17176819
1499000682368,0.17633057,-0.07002258,0.122299194
1499000682383,0.17831421,-0.033218384,0.11312866
1499000682403,0.15342712,0.014266968,0.05479431
1499000682423,0.11357117,0.1425476,-0.07637024
1499000682444,0.19999695,0.09931946,-0.17364502
1499000682463,0.30247498,-0.031845093,-0.20159912
1499000682483,0.27742004,-0.01689148,-0.24633789
1499000682504,0.22566223,0.0385437,-0.24176025
1499000682524,0.15296936,0.07229614,-0.15257263
1499000682549,0.15937805,-0.042388916,-0.13945007
1499000682563,0.18029785,-0.41423035,-0.30804443
1499000682582,0.00819397,-0.7217865,-0.59635925
1499000682602,-0.32821655,-0.7824249,-0.5459595
1499000682624,-0.36547852,-0.6895752,-0.28971863
1499000682645,-0.15779114,-0.39866638,-0.19242859
1499000682664,0.12287903,-0.20303345,-0.26435852
1499000682685,0.11631775,-0.16409302,-0.362854
1499000682705,-0.02859497,-0.108810425,-0.4511261
1499000682756,-0.14022827,0.077178955,-0.44013977
1499000682758,-0.3054657,0.21385193,-0.3775177
1499000682764,-0.3854828,0.5266113,-0.23764038
1499000682785,-0.44534302,0.59609985,-0.16983032
1499000682805,-0.3239441,0.28929138,-0.07606506
1499000682826,-0.11091614,-0.067733765,0.11634827
1499000682848,0.16870117,-0.15142822,0.22903442
1499000682867,0.37164307,-0.12484741,0.22445679
1499000682887,0.38294983,-0.029251099,0.1444397
1499000682908,0.37623596,0.016555786,0.09098816
1499000682928,0.38661194,0.08175659,0.06121826
1499000682947,0.3206482,0.10054016,0.040298462
1499000682967,0.26643372,0.23509216,-0.021240234
1499000682987,0.15571594,0.4139099,-0.12966919
1499000683007,0.08332825,0.40734863,-0.14265442
1499000683027,0.07249451,0.39268494,-0.029037476
1499000683048,0.067596436,0.53974915,0.14642334
1499000683067,0.1328125,0.583725,0.23332214
1499000683088,0.15083313,0.26593018,0.20445251
1499000683109,-0.117630005,0.046035767,0.115722656
1499000683137,-0.37051392,0.059768677,0.18933105
1499000683147,-0.36380005,-0.010314941,0.2682953
1499000683166,-0.31202698,-0.2879486,0.39640808
1499000683186,-0.21903992,-0.51930237,0.39457703
1499000683206,-0.14909363,-0.5660248,0.35105896
1499000683228,0.010635376,-0.4857025,0.245224
1499000683247,0.021484375,-0.25083923,0.014785767
1499000683267,-0.19337463,-0.06239319,-0.13485718
1499000683287,-0.47909546,-0.03857422,-0.16448975
1499000683307,-0.7408447,-0.015808105,-0.07041931
1499000683328,-0.54522705,-0.032913208,0.10183716
1499000683348,0.008041382,-0.035812378,0.17207336
1499000683368,0.38050842,0.14224243,0.18292236
1499000683388,0.3650818,0.41604614,0.19468689
1499000683408,-0.03791809,0.48416138,0.21911621
1499000683428,-0.36776733,0.25616455,0.20246887
1499000683451,-0.26789856,0.04496765,0.21255493
1499000683470,0.010482788,-0.061019897,0.20811462
1499000683489,0.30827332,-0.17570496,0.1335907
1499000683509,0.3907318,-0.085754395,-0.06523132
1499000683529,0.27589417,-0.010314941,-0.26161194
1499000683549,0.1835022,-0.02848816,-0.3799591
1499000683569,0.049118042,0.027557373,-0.38287354
1499000683589,-0.015930176,0.17414856,-0.32696533
1499000683609,-0.1411438,0.1895752,-0.39126587
1499000683629,-0.48857117,0.16270447,-0.49938965
1499000683650,-0.810791,0.11230469,-0.33918762
1499000683670,-0.6712036,-0.11048889,0.043045044
1499000683690,-0.15016174,-0.40049744,0.28630066
1499000683716,0.33651733,-0.54556274,0.20155334
1499000683731,0.27223206,-0.4647827,-0.020187378
1499000683751,-0.005996704,-0.28962708,-0.2252655
1499000683770,-0.18099976,-0.20976257,-0.27856445
1499000683790,-0.17581177,-0.15219116,-0.2868042
1499000683813,-0.09793091,-0.11048889,-0.26252747
1499000683834,-0.085861206,-0.032455444,-0.23260498
1499000683854,-0.09106445,0.10345459,-0.17488098
1499000683873,-0.046936035,0.13017273,-0.09806824
1499000683894,0.05706787,0.08023071,-0.042175293
1499000683913,0.25390625,0.049850464,0.0131073
1499000683934,0.32965088,-0.0014648438,-3.0517578E-5
1499000683954,0.3343811,0.029541016,-0.049346924
1499000683974,0.33851624,0.07229614,-0.06111145
1499000683994,0.30690002,0.14239502,-0.042633057
1499000684014,0.109298706,0.20179749,0.010055542
1499000684035,-0.015472412,0.12239075,0.06945801
1499000684055,0.08805847,0.012283325,0.082901
1499000684075,0.14273071,0.12132263,0.09680176
1499000684094,0.060577393,0.49957275,0.22567749
1499000684116,-0.07746887,0.8144684,0.46788025
1499000684135,-0.13778687,0.6193085,0.46070862
1499000684155,-0.14772034,0.22439575,0.15803528
1499000684175,-0.25691223,0.17384338,0.08824158
1499000684195,-0.2894287,0.2984619,0.2705841
1499000684234,-0.23323059,0.29388428,0.49154663
1499000684234,-0.103897095,-0.1312561,0.40039063
1499000684255,-0.08786011,-0.6394806,0.1348114
1499000684276,-0.19474792,-0.5987091,-0.019119263
1499000684296,-0.32073975,-0.2157135,-0.02949524
1499000684316,-0.3867035,0.008621216,-0.06492615
1499000684336,-0.3752594,0.048477173,-0.10432434
1499000684357,-0.32073975,0.01121521,-0.111343384
1499000684376,-0.3726654,-0.046966553,-0.036972046
1499000684395,-0.2808838,-0.12301636,0.062438965
1499000684415,-0.115493774,-0.12911987,0.2464447
1499000684435,0.1981659,-0.1396637,0.30845642
1499000684458,0.3516388,-0.16165161,0.25912476
1499000684478,0.36813354,-0.22547913,0.21025085
1499000684498,0.37730408,-0.22824097,0.1565094
1499000684518,0.37225342,-0.010467529,-1.6784668E-4
1499000684538,0.3243103,0.121170044,-0.15701294
1499000684558,0.3072052,-0.08392334,-0.22496033
1499000684582,0.24719238,-0.46295166,-0.15196228
1499000684596,0.05783081,-0.5680084,-0.08004761
1499000684616,-0.05441284,-0.49180603,-0.054382324
1499000684637,-0.2083435,-0.002380371,-0.120513916
1499000684659,-0.2819519,0.012283325,-0.055603027
1499000684677,-0.29232788,-0.1288147,-0.041259766
1499000684697,-0.5583496,0.029388428,-0.11531067
1499000684736,-0.71717834,0.0037384033,0.045944214
1499000684738,-0.26652527,-0.21678162,0.24171448
1499000684758,0.18289185,-0.28504944,0.124435425
1499000684777,0.24734497,-0.09919739,-0.18769836
1499000684798,0.042099,-0.0077209473,-0.29475403
1499000684819,-0.078689575,0.10131836,-0.4080658
1499000684838,-0.23674011,0.10070801,-0.3431549
1499000684859,-0.20193481,0.09489441,-0.31414795
1499000684878,-0.18864441,0.07702637,-0.39950562
1499000684899,-0.24911499,0.07305908,-0.37950134
1499000684918,-0.23033142,0.18377686,-0.18190002
1499000684938,-0.051361084,0.21537781,0.03036499
1499000684960,0.14379883,0.13124084,0.08641052
1499000684980,0.22612,0.029693604,0.028533936
1499000684999,0.21435547,-0.0034484863,0.024719238
1499000685019,0.24076843,-0.015975952,0.05281067
1499000685041,0.29193115,0.102996826,0.03326416
1499000685062,0.27850342,0.16331482,0.0033416748
1499000685082,0.26765442,0.14147949,-0.013763428
1499000685102,0.2335968,0.105895996,0.0041046143
1499000685122,0.23176575,-0.05873108,0.036315918
1499000685142,0.21740723,-0.036895752,0.066711426
1499000685164,0.3663025,0.38749695,0.14962769
1499000685182,0.48724365,0.55822754,0.1774292
1499000685203,0.33499146,0.41085815,0.12382507
1499000685249,0.17175293,0.12269592,-0.044158936
1499000685250,0.018432617,0.19737244,-0.018035889
1499000685263,0.15861511,0.18743896,0.2007904
1499000685282,0.21496582,-0.035064697,0.29837036
1499000685304,0.06591797,-0.29710388,0.26568604
1499000685323,-0.101135254,-0.39941406,0.15940857
1499000685343,-0.24179077,-0.18991089,0.039230347
1499000685364,-0.23506165,0.12864685,-0.009796143
1499000685384,-0.1874237,0.2961731,0.01524353
1499000685404,-0.11808777,0.27264404,-0.039886475
1499000685424,-0.18605042,0.014724731,-0.09776306
1499000685445,-0.29400635,-0.0710907,-0.112716675
1499000685465,-0.29187012,0.0075531006,0.025634766
1499000685485,0.04499817,-0.010925293,0.13604736
1499000685505,0.2702484,-0.065597534,0.070373535
1499000685525,0.32461548,-0.1161499,-0.07255554
1499000685545,0.26628113,-0.062088013,-0.17503357
1499000685566,0.19541931,0.13215637,-0.21916199
1499000685585,0.21069336,0.22744751,-0.24649048
1499000685605,0.28048706,0.079315186,-0.3013153
1499000685626,0.25802612,-0.0031433105,-0.32850647
1499000685646,0.18565369,0.012893677,-0.34605408
1499000685667,-0.03578186,0.13703918,-0.3396454
1499000685686,-0.21780396,0.16178894,-0.23306274
1499000685707,-0.17398071,-0.038726807,-0.12966919
1499000685729,-0.23200989,-0.25541687,-0.29917908
1499000685745,-0.70632935,-0.32092285,-0.5371094
1499000685765,-0.90989685,-0.35940552,-0.4033203
1499000685785,-0.5559082,-0.38583374,-0.055755615
1499000685805,0.15907288,-0.36109924,-0.02583313
1499000685825,0.5406952,-0.3728485,-0.13546753
1499000685845,0.52986145,-0.35009766,-0.4414978
1499000685866,0.20626831,-0.09263611,-0.68278503
1499000685885,-0.14312744,0.22714233,-0.6954651
1499000685906,-0.17214966,0.34075928,-0.5545044
1499000685928,0.051101685,0.26470947,-0.4250183
1499000685948,0.1352539,0.16362,-0.42210388
1499000685968,0.06454468,0.13200378,-0.46151733
1499000685988,0.059814453,0.14071655,-0.35995483
1499000686009,0.18611145,0.080841064,-0.2519989
1499000686028,0.25680542,0.067108154,-0.22923279
1499000686050,0.2507019,-0.0022277832,-0.22572327
1499000686069,0.24353027,-0.071243286,-0.20755005
1499000686089,0.25360107,-0.083465576,-0.19503784
1499000686109,0.25863647,0.08757019,-0.23121643
1499000686129,0.312088,0.279068,-0.21870422
1499000686149,0.34065247,0.24409485,-0.21090698
1499000686170,0.27894592,0.03503418,-0.24420166
1499000686190,0.12501526,-0.052001953,-0.21504211
1499000686209,0.09768677,0.14147949,-0.054534912
1499000686259,0.19038391,0.28089905,-0.020019531
1499000686259,0.15800476,0.29708862,-0.17425537
1499000686269,-0.27339172,0.20927429,-0.34988403
1499000686288,-0.5203247,0.33389282,-0.22419739
1499000686308,-0.23950195,0.20927429,0.02027893
1499000686328,-0.013793945,-0.16119385,0.12641907
1499000686349,-0.08128357,-0.4172821,0.16734314
1499000686369,-0.15641785,-0.36032104,0.11528015
1499000686390,-0.19413757,-0.106674194,-0.03804016
1499000686410,-0.23857117,0.08114624,-0.16540527
1499000686429,-0.2268219,0.13949585,-0.21549988
1499000686449,-0.23292542,0.11230469,-0.23428345
1499000686470,-0.299057,0.018844604,-0.25474548
1499000686490,-0.41984558,-0.016723633,-0.22297668
1499000686510,-0.2159729,-0.033065796,-0.17671204
1499000686530,0.12960815,0.0017547607,-0.19151306
1499000686550,0.24963379,-0.07154846,-0.23672485
1499000686571,0.20367432,-0.22410583,-0.30467224
1499000686590,0.10853577,-0.2696228,-0.3382721
1499000686610,0.122421265,-0.1434784,-0.35064697
1499000686631,0.24198914,0.0025024414,-0.4091339
1499000686650,0.37867737,-0.03413391,-0.45707703
1499000686671,0.36019897,-0.24763489,-0.5600128
1499000686694,0.2705536,-0.4194336,-0.6708679
1499000686746,0.20121765,-0.29252625,-0.74172974
1499000686747,0.15266418,0.041748047,-0.7266083
1499000686751,0.12425232,0.1388855,-0.73379517
1499000686772,0.10592651,-0.01184082,-0.98194885
1499000686792,-0.1974945,-0.0014648438,-1.290268
1499000686812,-0.56736755,0.1020813,-1.3382263
1499000686832,-0.63287354,0.06022644,-1.2062836
1499000686852,-0.4086914,-0.040100098,-1.1506958
1499000686874,-0.24575806,-0.22517395,-1.1728363
1499000686893,-0.008285522,-0.19845581,-1.2230835
1499000686913,0.015380859,-0.060256958,-1.2806549
1499000686933,-0.011199951,0.113983154,-1.379303
1499000686953,-0.05166626,0.23997498,-1.455658
1499000686974,-0.10908508,0.14193726,-1.4817657
1499000686994,-0.11671448,3.6621094E-4,-1.4585571
1499000687015,-0.07182312,-0.045288086,-1.4115143
1499000687035,-0.029205322,-0.0032958984,-1.345398
1499000687056,0.026672363,0.014877319,-1.2953033
1499000687077,0.03126526,-0.04284668,-1.211319
1499000687096,0.014007568,-0.14027405,-1.1407623
1499000687116,0.019195557,-0.12057495,-1.1067047
1499000687136,-0.014709473,-0.008178711,-1.0573883
1499000687156,-0.026153564,0.010757446,-1.0118713
1499000687177,4.119873E-4,-0.12194824,-1.0176849
1499000687196,0.076919556,-0.22547913,-1.0314178
1499000687250,0.094329834,-0.23999023,-1.0341797
1499000687251,0.011703491,-0.20960999,-0.9775238
1499000687256,-0.001876831,-0.16470337,-0.92315674
1499000687276,0.048965454,-0.011688232,-0.8197632
1499000687296,0.18075562,0.0035858154,-0.74661255
1499000687316,0.19541931,-0.30274963,-0.8084717
1499000687336,-0.0695343,-0.26487732,-0.800827
1499000687356,-0.30744934,0.17155457,-0.6511688
1499000687376,-0.18925476,0.17277527,-0.42684937
1499000687399,0.09951782,-0.25816345,-0.37339783
1499000687419,0.14945984,-0.6637573,-0.43356323
1499000687438,0.03201294,-0.655365,-0.5392456
1499000687459,-0.13748169,-0.3360443,-0.62872314
1499000687480,-0.18559265,-0.16348267,-0.6647644
1499000687500,-0.17474365,0.05000305,-0.675766
1499000687520,-0.16221619,0.080703735,-0.6191101
1499000687539,-0.1272583,0.004501343,-0.5798645
1499000687560,-0.1506195,-0.08117676,-0.5847473
1499000687579,-0.14985657,-0.14959717,-0.6021576
1499000687600,-0.013793945,-0.17829895,-0.573761
1499000687620,0.12348938,-0.20028687,-0.5852051
1499000687640,0.12287903,-0.27252197,-0.6067352
1499000687661,0.0028533936,-0.23297119,-0.6313324
1499000687681,-0.06602478,-0.19189453,-0.63819885
1499000687700,-0.06448364,-0.12591553,-0.63301086
1499000687742,-0.020050049,-0.11828613,-0.58810425
1499000687742,0.07737732,-0.22669983,-0.58566284
1499000687758,0.10836792,-0.28901672,-0.6339264
1499000687780,0.0025482178,-0.32244873,-0.691803
1499000687799,-0.087402344,-0.32414246,-0.7137909
1499000687819,-0.16252136,-0.2853546,-0.71302795
1499000687839,-0.14741516,-0.34735107,-0.685379
1499000687861,-0.175354,-0.3901062,-0.78923035
1499000687881,-0.50032043,-0.34109497,-0.88986206
1499000687900,-0.65592957,-0.121032715,-0.93644714
1499000687920,-0.6304321,-0.025436401,-0.654541
1499000687940,-0.18099976,-0.14637756,-0.42471313
1499000687961,0.30949402,-0.2969513,-0.45585632
1499000687988,0.38371277,-0.31604004,-0.56703186
1499000688000,0.17907715,-0.08010864,-0.6439972
1499000688020,0.030181885,0.14788818,-0.6175842
1499000688040,-0.007217407,0.19966125,-0.5939026
1499000688074,-0.0043182373,0.11077881,-0.6533203
1499000688081,-0.13320923,0.090774536,-0.687973
1499000688101,-0.235672,0.18850708,-0.65133667
1499000688121,-0.36776733,0.38168335,-0.48701477
1499000688141,-0.277359,0.38780212,-0.323761
1499000688161,-0.08572388,0.23509216,-0.25856018
1499000688181,0.035232544,0.07168579,-0.25489807
1499000688201,0.097229004,0.057022095,-0.28009033
1499000688223,0.053100586,0.1882019,-0.2696991
1499000688242,0.049438477,0.32563782,-0.189682
1499000688263,0.13327026,0.3761902,-0.08248901
1499000688284,0.23664856,0.38046265,-0.057128906
1499000688303,0.24719238,0.33709717,-0.054534912
1499000688323,0.2386322,0.17430115,-0.050720215
1499000688345,0.19465637,0.024353027,0.0015106201
1499000688364,0.1352539,-0.013519287,0.120010376
1499000688384,0.081954956,-0.20915222,0.143219
1499000688405,-0.11122131,-0.45484924,-0.13302612
1499000688425,-0.4429016,-0.15829468,-0.2779541
1499000688445,-0.551178,0.3416748,0.06732178
1499000688466,-0.16955566,0.13627625,0.3728943
1499000688487,0.13052368,-0.1288147,0.25195313
1499000688506,0.10028076,-0.4992981,0.1690216
1499000688526,0.033554077,-0.55870056,0.13450623
1499000688546,-0.10359192,-0.32398987,0.17926025
1499000688566,-0.16085815,0.06283569,0.16749573
1499000688587,-0.19413757,0.34014893,0.0975647
1499000688622,-0.24346924,0.4583435,-0.012390137
1499000688624,-0.18269348,0.34320068,-0.07575989
1499000688645,-0.014709473,0.054733276,-0.019256592
1499000688666,0.058288574,-0.12301636,0.04396057
1499000688686,0.01109314,-0.108047485,0.058013916
1499000688705,0.08866882,-0.06315613,0.06213379
1499000688731,0.165802,0.010147095,0.07923889
1499000688745,0.21282959,0.031066895,0.063964844
1499000688766,0.157547,-0.09063721,-0.0017089844
1499000688786,0.10455322,-0.28825378,-0.10096741
1499000688806,0.18565369,-0.41194153,-0.16845703
1499000688828,0.31285095,-0.40950012,-0.17289734
1499000688848,0.2902527,-0.3597107,-0.23687744
1499000688868,0.13998413,-0.3444519,-0.3457489
1499000688889,-0.05303955,-0.3271942,-0.43615723
1499000688909,-0.18528748,-0.2893219,-0.44837952
1499000688929,-0.21842957,-0.19769287,-0.42562866
1499000688950,-0.34547424,-0.102249146,-0.54138184
1499000688969,-0.8651428,0.017318726,-0.75990295
1499000688989,-1.1529999,-0.022842407,-0.6452179
1499000689009,-0.6766968,-0.13783264,-0.23596191
1499000689029,0.09829712,-0.21464539,-0.040802002
1499000689049,0.4725952,-0.16333008,-0.16464233
1499000689069,0.35821533,-0.18821716,-0.39904785
1499000689090,0.028656006,-0.074905396,-0.5729828
1499000689110,-0.23735046,0.05671692,-0.591156
1499000689130,-0.2749176,0.20713806,-0.5102234
1499000689150,-0.19474792,0.11413574,-0.38897705
1499000689170,-0.11213684,-0.005279541,-0.43707275
1499000689191,-0.25567627,0.08039856,-0.4547882
1499000689210,-0.25935364,0.26119995,-0.34561157
1499000689263,-0.21307373,0.36579895,-0.2374878
1499000689263,-0.13519287,0.34365845,-0.14448547
1499000689269,0.029418945,0.24012756,-0.08401489
1499000689290,0.29421997,0.0962677,-0.03529358
1499000689311,0.39608765,0.0074005127,-0.017425537
1499000689332,0.37057495,-0.014587402,0.029754639
1499000689352,0.39578247,0.30395508,0.09832764
1499000689372,0.52160645,0.43727112,0.19895935
1499000689393,0.5148926,0.2518921,0.20567322
1499000689412,0.32492065,0.13139343,0.20140076
1499000689432,0.17602539,0.08558655,0.27256775
1499000689453,0.108688354,-0.008026123,0.30447388
1499000689472,0.11769104,-0.010620117,0.22981262
1499000689492,-0.024780273,0.098861694,0.24003601
1499000689511,-0.13458252,0.14620972,0.37701416
1499000689531,-0.09991455,-0.017959595,0.40878296
1499000689551,-0.08280945,-0.39575195,0.37228394
1499000689571,-0.098083496,-0.5634308,0.29180908
1499000689593,-0.08938599,-0.35147095,0.25912476
1499000689614,0.012176514,-0.14317322,0.1786499
1499000689638,0.034622192,-0.012908936,0.014633179
1499000689652,-0.18666077,0.056106567,-0.19976807
1499000689672,-0.5815582,0.06466675,-0.26741028
1499000689693,-0.57743835,0.07244873,-0.10813904
1499000689712,-0.11534119,0.027709961,0.13023376
1499000689736,0.2852173,0.009536743,0.19819641
1499000689753,0.33699036,-0.09660339,0.18902588
1499000689774,0.25482178,-0.19692993,0.17146301
1499000689796,0.27818298,-0.20501709,0.2168274
1499000689816,0.33576965,-0.08544922,0.17207336
1499000689835,0.32339478,0.016403198,0.06777954
1499000689855,0.3282776,-0.07644653,-0.023391724
1499000689875,0.35118103,-0.2257843,-0.11654663
1499000689897,0.26628113,-0.2265625,-0.27597046
1499000689916,0.10823059,-0.20394897,-0.40516663
1499000689936,-0.15016174,-0.21479797,-0.43234253
1499000689956,-0.2724762,-0.14500427,-0.37034607
1499000689976,-0.33096313,-0.0990448,-0.31536865
1499000689999,-0.2712555,-0.12805176,-0.39111328
1499000690016,-0.548584,0.03274536,-0.44058228
1499000690036,-0.69303894,0.13398743,-0.17655945
1499000690056,-0.2724762,-0.09202576,0.16795349
1499000690078,0.30613708,-0.27633667,0.1126709
1499000690098,0.4385376,-0.237854,-0.15211487
1499000690118,0.22764587,0.019302368,-0.30880737
1499000690137,-0.018676758,0.16377258,-0.3246765
1499000690157,-0.08816528,0.31755066,-0.2924652
1499000690178,-0.087402344,0.2694397,-0.26834106
1499000690199,-0.15641785,0.11199951,-0.3147583
1499000690262,-0.5666046,0.20179749,-0.26771545
1499000690262,-0.80451965,0.43971252,-0.10142517
1499000690262,-0.56355286,0.45803833,0.09434509
1499000690276,-0.10832214,0.26776123,0.19224548
1499000690297,0.31178284,-3.9672852E-4,0.18780518
1499000690318,0.46342468,-0.09889221,0.18856812
1499000690338,0.4017334,-0.13034058,0.1850586
1499000690358,0.33239746,-0.22547913,0.121536255
1499000690379,0.08699036,-0.19998169,0.08076477
1499000690400,0.15907288,-0.00894165,0.09970093
1499000690420,0.4828186,-0.0058898926,0.10092163
1499000690440,0.54100037,-0.14698792,0.060455322
1499000690459,0.36325073,-0.09170532,0.080459595
1499000690479,0.19114685,0.3106842,0.12794495
1499000690501,0.16212463,0.433609,0.14398193
1499000690520,0.078445435,0.26898193,0.057235718
1499000690540,-0.18925476,0.31021118,0.035247803
1499000690560,-0.16329956,0.28959656,0.09817505
1499000690581,-0.052734375,0.025421143,0.2571411
1499000690601,0.07035828,-0.32688904,0.2571411
1499000690621,0.012924194,-0.51960754,0.21377563
1499000690641,-0.089538574,-0.4783783,0.14352417
1499000690661,-0.25752258,-0.2957306,-0.015594482
1499000690681,-0.34638977,-0.13233948,-0.11607361
1499000690703,-0.22087097,-0.10575867,-0.08554077
1499000690749,0.017822266,-0.10041809,0.008224487
1499000690750,0.13128662,-0.09492493,0.0013580322
1499000690760,-0.019134521,-0.08987427,-0.050872803
1499000690780,-0.14207458,-0.123931885,-0.12921143
1499000690802,-0.19367981,-0.22410583,-0.12097168
1499000690822,0.075546265,-0.20227051,-0.15318298
1499000690842,0.29406738,-0.092941284,-0.329422
1499000690862,0.25924683,-0.14302063,-0.41996765
1499000690882,0.18977356,-0.15341187,-0.30055237
1499000690903,0.19419861,-0.18440247,-0.200531
1499000690923,0.22276306,-0.26304626,-0.22816467
1499000690943,0.24337769,-0.27877808,-0.3063507
1499000690963,0.14059448,-0.22349548,-0.35842896
1499000690983,0.07035828,-0.014282227,-0.37904358
1499000691005,-0.046463013,0.16957092,-0.26956177
1499000691024,-0.10725403,0.08848572,-0.20953369
1499000691044,-0.27156067,-0.08834839,-0.30451965
1499000691065,-0.5682831,-0.15003967,-0.323761
1499000691084,-0.6369934,-0.07675171,-0.15150452
1499000691105,-0.3424225,-0.1382904,-0.003540039
1499000691125,0.026824951,-0.15310669,-0.0043029785
1499000691144,0.15739441,-0.10652161,-0.0154418945
1499000691166,0.072647095,-0.054153442,-0.024917603
1499000691184,-0.017456055,0.08100891,-0.041412354
1499000691205,-0.12924194,0.12757874,-0.025527954
1499000691269,-0.17977905,-0.017333984,-0.09867859
1499000691270,-0.23124695,-0.3262787,-0.32070923
1499000691270,-0.34135437,-0.2575531,-0.41996765
1499000691284,-0.4430542,0.09336853,-0.287735
1499000691305,-0.32226563,0.30976868,-0.099746704
1499000691324,-0.033950806,0.17874146,-0.07392883
1499000691346,0.08073425,0.08345032,-0.090423584
1499000691366,0.13967896,0.095962524,-0.048736572
1499000691386,0.14425659,0.18164063,0.061523438
1499000691411,0.09814453,0.26715088,0.090530396
1499000691425,0.13815308,0.29112244,0.037078857
1499000691445,0.14227295,0.23324585,0.017684937
1499000691464,0.05203247,0.18301392,0.07220459
1499000691487,-0.020202637,0.25601196,0.19651794
1499000691509,0.019805908,0.46047974,0.32035828
1499000691526,0.09967041,0.4412384,0.3359375
1499000691547,0.10836792,0.11047363,0.21591187
1499000691568,-0.014404297,0.028778076,0.15130615
1499000691587,-0.09442139,0.16499329,0.18154907
1499000691608,-0.08265686,0.2396698,0.311203
1499000691629,-0.017150879,0.0029754639,0.40344238
1499000691648,0.016906738,-0.36001587,0.38801575
1499000691667,0.006210327,-0.4403534,0.27470398
1499000691689,-0.069992065,-0.30673218,0.11038208
1499000691709,-0.18191528,-0.26916504,-0.052246094
1499000691762,-0.28424072,-0.20440674,-0.15701294
1499000691762,-0.37922668,-0.080566406,-0.1365509
1499000691767,-0.47421265,-0.039794922,-0.02583313
1499000691787,-0.3517456,-0.06285095,0.032043457
1499000691809,-0.18955994,-0.12835693,0.110076904
1499000691827,0.18885803,-0.12332153,0.14627075
1499000691847,0.2899475,-0.05307007,0.14505005
1499000691867,0.20932007,0.0037384033,0.12886047
1499000691889,0.17984009,0.017623901,0.10397339
1499000691908,0.20626831,0.07885742,0.05128479
1499000691928,0.023620605,0.12376404,-0.0032348633
1499000691948,-0.16023254,0.029388428,-0.029800415
1499000691970,-0.20254517,-0.13661194,-0.07041931
1499000691991,-0.1055603,-0.18104553,-0.096847534
1499000692011,-0.067855835,-0.24090576,-0.0814209
1499000692032,-0.15107727,-0.24565125,0.0048675537
1499000692051,-0.2501831,-0.15158081,0.047164917
1499000692072,-0.16099548,-0.16317749,-0.08874512
1499000692092,-0.23292542,-0.16195679,-0.3355255
1499000692112,-0.57255554,-0.014587402,-0.32957458
1499000692132,-0.48550415,-0.08331299,-0.0814209
1499000692151,0.061798096,-0.25282288,0.040908813
1499000692172,0.4725952,-0.20394897,-0.053466797
1499000692192,0.46723938,-0.122558594,-0.14143372
1499000692212,0.3294983,0.05458069,-0.34513855
1499000692250,0.029876709,0.10864258,-0.5351105
1499000692251,-0.18315125,-0.021011353,-0.64308167
1499000692271,-0.30607605,-0.09751892,-0.576355
1499000692292,-0.32730103,-0.0036010742,-0.39675903
1499000692313,-0.15840149,0.1355133,-0.27719116
1499000692333,0.09967041,0.12345886,-0.19412231
1499000692353,0.21862793,0.080093384,-0.13027954
1499000692373,0.256958,0.067718506,-0.09378052
1499000692393,0.23405457,0.07321167,-0.07789612
1499000692417,0.21725464,0.047409058,-0.04156494
1499000692434,0.2508545,0.065582275,-0.0033874512
1499000692454,0.27818298,0.12055969,1.373291E-4
1499000692474,0.21374512,0.27433777,0.011123657
1499000692494,0.22932434,0.26913452,0.0398407
1499000692515,0.26689148,0.124679565,0.10046387
1499000692535,0.20167542,0.14102173,0.17268372
1499000692555,0.094940186,0.4862976,0.18963623
1499000692575,0.08761597,0.7049713,0.17376709
1499000692595,0.08653259,0.36320496,0.07067871
1499000692615,-0.1437378,0.24531555,0.015701294
1499000692635,-0.26042175,0.27723694,0.08061218
1499000692655,-0.30256653,0.18484497,0.3224945
1499000692674,-0.15412903,-0.1446991,0.5393524
1499000692694,0.072647095,-0.48539734,0.62242126
1499000692714,0.12059021,-0.47317505,0.52316284
1499000692734,0.099975586,-0.21922302,0.318985
1499000692754,-0.023864746,0.0640564,0.10015869
1499000692774,-0.24697876,0.13949585,-0.060653687
1499000692794,-0.417099,-0.0022277832,-0.11868286
1499000692815,-0.50276184,-0.08041382,-0.10997009
1499000692834,-0.46780396,-0.09017944,-0.0388031
1499000692854,-0.23704529,-0.041625977,0.027618408
1499000692876,0.002243042,-0.07797241,0.049453735
1499000692897,0.124557495,-0.07965088,0.06365967
1499000692918,0.22520447,-0.059036255,0.12870789
1499000692937,0.32629395,-0.061935425,0.19316101
1499000692958,0.37882996,-0.002380371,0.20887756
1499000692978,0.42707825,-0.06529236,0.16596985
1499000692998,0.44448853,-0.14653015,0.06594849
1499000693018,0.37882996,-0.18318176,0.014633179
1499000693037,0.341568,-0.2024231,-0.05682373
1499000693058,0.19328308,-0.15905762,-0.10874939
1499000693079,-0.024780273,-0.09461975,-0.13853455
1499000693099,-0.1988678,-0.05659485,-0.104019165
1499000693119,-0.21124268,-0.13401794,-0.1333313
1499000693139,-0.47253418,-0.08972168,-0.18815613
1499000693160,-0.79551697,-0.053848267,-0.044006348
1499000693179,-0.5612488,-0.27893066,0.19560242
1499000693199,-0.044784546,-0.43745422,0.16993713
1499000693258,0.30125427,-0.41041565,0.09312439
1499000693259,0.32095337,-0.2893219,-0.04598999
1499000693259,0.109298706,-0.091552734,-0.20648193
1499000693278,-0.20681763,-0.028945923,-0.28115845
1499000693298,-0.26957703,-0.16912842,-0.23199463
1499000693321,-0.11457825,-0.24334717,-0.19351196
1499000693342,-0.029205322,-0.09202576,-0.12631226
1499000693360,-0.045394897,0.10543823,-0.002319336
1499000693379,0.070510864,0.14376831,0.114364624
1499000693399,0.25741577,0.089401245,0.17758179
1499000693424,0.29238892,0.06161499,0.18353271
1499000693441,0.2740631,0.029693604,0.21820068
1499000693461,0.3191223,0.013656616,0.2637024
1499000693481,0.38294983,0.10910034,0.23118591
1499000693501,0.34965515,0.30151367,0.18444824
1499000693522,0.40066528,0.4204712,0.17605591
1499000693541,0.46983337,0.36473083,0.18215942
1499000693561,0.42555237,0.22851563,0.15971375
1499000693581,0.30278015,0.2421112,0.18856812
1499000693602,0.16319275,0.5049286,0.29730225
1499000693624,0.074783325,0.57424927,0.29058838
1499000693643,-0.02998352,0.45147705,0.23149109
1499000693662,-0.09152222,0.31510925,0.15940857
1499000693687,-0.030288696,0.23019409,0.3214264
1499000693709,0.068359375,-0.05001831,0.5176697
1499000693737,-0.013031006,-0.44950867,0.55615234
1499000693740,-0.22270203,-0.44966125,0.39152527
1499000693761,-0.26835632,-0.16149902,0.25515747
1499000693781,-0.08786011,0.046798706,0.21499634
1499000693802,-0.039596558,0.030456543,0.17651367
1499000693823,-0.24194336,-0.2060852,0.060455322
1499000693842,-0.6577759,-0.25801086,0.029754639
1499000693862,-0.79429626,-0.09751892,0.11129761
1499000693884,-0.52093506,0.01838684,0.30386353
1499000693904,0.09539795,-0.06529236,0.34143066
1499000693925,0.4043274,-0.09736633,0.261261
1499000693943,0.3711853,-0.079956055,0.19773865
1499000693964,0.31010437,-0.057510376,0.18597412
1499000693984,0.22840881,0.01991272,0.09190369
1499000694004,0.25878906,0.1083374,-0.019119263
1499000694025,0.32644653,0.004348755,-0.095458984
1499000694044,0.33729553,-0.07797241,-0.1466217
1499000694065,0.27116394,-0.027420044,-0.27062988
1499000694085,0.0592041,0.09107971,-0.4265442
1499000694106,-0.17443848,0.06970215,-0.40257263
1499000694127,-0.2967682,0.022506714,-0.38056946
1499000694145,-0.5400238,0.005874634,-0.4537201
1499000694165,-1.0480957,-0.017807007,-0.4091339
1499000694186,-1.1356049,-0.107284546,-0.124176025
1499000694206,-0.671051,-0.08544922,0.115722656
1499000694254,0.010635376,0.0035858154,0.13619995
1499000694255,0.25161743,0.01701355,0.097717285
1499000694264,0.21588135,0.048477173,-0.056671143
1499000694286,0.019958496,0.07672119,-0.17991638
1499000694306,-0.17977905,0.107421875,-0.20861816
1499000694328,-0.1272583,0.13505554,-0.17610168
1499000694347,0.04286194,0.10147095,-0.16265869
1499000694366,0.043014526,0.13490295,-0.145401
1499000694388,-0.018066406,0.16758728,-0.039886475
1499000694407,0.13479614,0.08329773,0.08824158
1499000694431,0.3504181,0.039916992,0.092819214
1499000694448,0.43226624,0.039154053,0.07923889
1499000694468,0.4163971,0.09718323,0.0816803
1499000694488,0.33468628,0.19293213,0.09480286
1499000694508,0.25115967,0.30151367,0.12748718
1499000694529,0.25941467,0.5113373,0.21025085
1499000694548,0.38020325,0.44628906,0.29180908
1499000694568,0.3400421,0.12208557,0.3053894
1499000694589,0.19786072,-0.12973022,0.28997803
1499000694609,0.16029358,-0.053985596,0.37121582
1499000694630,0.34690857,0.12528992,0.41305542
1499000694649,0.4124298,0.083602905,0.26034546
1499000694669,0.07676697,0.046035767,0.18307495
1499000694689,-0.09472656,0.24440002,0.17163086
1499000694709,-0.17382813,0.111694336,0.2375946
1499000694752,-0.029830933,-0.31436157,0.256073
1499000694752,0.033706665,-0.5886383,0.21116638
1499000694768,-0.11442566,-0.49502563,0.14245605
1499000694788,-0.16268921,-0.21678162,0.0708313
1499000694811,-0.12680054,-0.031082153,-0.060195923
1499000694831,-0.1411438,-0.05307007,-0.12890625
1499000694850,-0.26698303,-0.22090149,-0.16281128
1499000694871,-0.37998962,-0.25556946,-0.16555786
1499000694891,-0.3789215,-0.16882324,-0.09729004
1499000694911,-0.24987793,-0.05307007,0.037231445
1499000694932,-0.0024871826,-0.05581665,0.13864136
1499000694951,0.25878906,-0.072769165,0.06411743
1499000694972,0.40966797,-0.09399414,-0.112716675
1499000694991,0.52770996,-0.11048889,-0.23474121
1499000695011,0.5000763,0.040374756,-0.31887817
1499000695032,0.38172913,0.047714233,-0.33659363
1499000695052,0.27589417,-0.10606384,-0.34927368
1499000695072,0.19038391,-0.17875671,-0.36592102
1499000695092,0.115097046,-0.2036438,-0.4251709
1499000695112,-0.1055603,-0.11216736,-0.4376831
1499000695133,-0.34135437,0.10101318,-0.38041687
1499000695153,-0.42274475,0.1978302,-0.24925232
1499000695172,-0.3554077,-0.05659485,-0.25764465
1499000695194,-0.47406006,-0.30152893,-0.40133667
1499000695213,-0.63668823,-0.2157135,-0.35827637
1499000695264,-0.4651947,-0.018417358,-0.13502502
1499000695264,-0.16864014,0.24745178,-0.08706665
1499000695271,-0.014404297,0.30578613,-0.15823364
1499000695293,-0.018829346,0.17338562,-0.36973572
1499000695312,-0.22834778,-0.05796814,-0.6084137
1499000695332,-0.4590912,0.024490356,-0.683548
1499000695352,-0.45817566,0.20683289,-0.54229736
1499000695373,-0.37342834,0.19676208,-0.30482483
1499000695394,-0.28240967,0.009841919,-0.18571472
1499000695414,-0.24682617,-0.097976685,-0.17333984
1499000695439,-0.088775635,0.03427124,-0.105545044
1499000695455,0.13449097,0.17002869,0.048843384
1499000695475,0.27955627,0.19171143,0.11634827
1499000695495,0.31575012,0.09184265,0.18582153
1499000695515,0.31651306,0.031829834,0.17376709
1499000695536,0.32644653,0.099487305,0.14215088
1499000695555,0.42814636,0.40397644,0.09190369
1499000695575,0.4289093,0.49301147,0.08503723
1499000695595,0.31040955,0.3193817,0.11878967
1499000695616,0.215271,0.09840393,0.18841553
1499000695637,0.20443726,-0.092163086,0.26890564
1499000695656,0.33699036,-0.0072631836,0.32325745
1499000695676,0.6054535,0.06222534,0.2991333
1499000695697,0.63812256,0.0020599365,0.2667694
1499000695717,0.3860016,0.05747986,0.19911194
1499000695766,0.09539795,0.33816528,0.17254639
1499000695766,-0.07380676,0.12437439,0.20033264
1499000695775,-0.18894958,-0.34994507,0.23545837
1499000695795,-0.2008667,-0.6014557,0.24263
1499000695816,-0.28668213,-0.47302246,0.15727234
1499000695838,-0.35891724,-0.15783691,0.043655396
1499000695858,-0.43878174,0.05152893,-0.09301758
1499000695878,-0.55926514,0.090164185,-0.14463806
1499000695898,-0.57637024,0.06222534,-0.14128113
1499000695917,-0.5375824,-0.06513977,-0.07545471
1499000695939,-0.3288269,-0.15264893,0.020751953
1499000695959,-0.046325684,-0.10865784,0.06854248
1499000695979,0.13739014,-0.020401001,0.086257935
1499000695999,0.19923401,-0.035064697,0.0708313
1499000696019,0.26445007,-0.09307861,0.042282104
1499000696039,0.30827332,-0.1288147,-0.015136719
1499000696059,0.33805847,-0.123931885,-0.062942505
1499000696079,0.3713379,-0.04360962,-0.12173462
1499000696099,0.38172913,-0.033676147,-0.17059326
1499000696119,0.3464508,-0.09277344,-0.28588867
1499000696140,0.27070618,-0.1346283,-0.34422302
1499000696160,0.22215271,-0.011993408,-0.35049438
1499000696181,0.13143921,0.21798706,-0.30238342
1499000696201,0.14640808,0.24882507,-0.26771545
1499000696220,0.17160034,0.004348755,-0.4447174
1499000696264,-0.2020874,-0.0819397,-0.6976013
1499000696264,-0.5746918,-0.1161499,-0.7472229
1499000696279,-0.48719788,-0.26457214,-0.565506
1499000696299,-0.09396362,-0.27130127,-0.44578552
1499000696318,0.12409973,-0.18991089,-0.2913971
1499000696341,0.24124146,-0.1764679,-0.35476685
1499000696360,0.04866028,-0.07980347,-0.52427673
1499000696379,-0.14985657,0.033813477,-0.5983429
1499000696399,-0.2688141,0.11489868,-0.5456543
1499000696420,-0.21032715,0.1020813,-0.43371582
1499000696440,-0.097473145,0.11367798,-0.37034607
1499000696460,-0.07395935,0.062057495,-0.326828
1499000696480,-0.029205322,0.016403198,-0.25779724
1499000696500,0.08409119,0.018539429,-0.2164154
1499000696520,0.11723328,0.06573486,-0.16296387
1499000696542,0.12226868,0.13032532,-0.24420166
1499000696563,0.09890747,0.12528992,-0.41889954
1499000696583,0.11845398,0.15750122,-0.5309906
1499000696603,0.27070618,0.24043274,-0.5337372
1499000696623,0.42189026,0.25019836,-0.54901123
1499000696643,0.46540833,0.19506836,-0.6084137
1499000696663,0.39624023,0.21339417,-0.7027893
1499000696683,0.22398376,0.4313202,-0.6930237
1499000696704,0.13235474,0.6002197,-0.50671387
1499000696782,0.22581482,0.48477173,-0.4040985
1499000696782,0.18534851,-0.29862976,-0.35736084
1499000696783,-0.033187866,-0.5990143,-0.56199646
1499000696783,-0.09915161,-0.38430786,-0.6994324
1499000696803,-0.11122131,-0.40293884,-0.7713623
1499000696824,-0.037765503,-0.46936035,-0.94636536
1499000696845,-0.09136963,-0.24349976,-1.2275085
1499000696864,-0.3276062,0.15551758,-1.3638763
1499000696885,-0.31340027,0.36672974,-1.386322
1499000696905,-0.07548523,0.27555847,-1.488327
1499000696925,0.10731506,0.17384338,-1.5662079
1499000696946,0.13952637,-0.043762207,-1.7227478
1499000696966,0.22795105,-0.29725647,-1.866745
1499000696986,0.33576965,-0.43347168,-1.9809723
1499000697005,0.3414154,-0.39163208,-2.0475616
1499000697026,0.24658203,-0.36001587,-2.0732117
1499000697046,0.19129944,-0.48631287,-2.1011658
1499000697066,0.16595459,-0.64497375,-2.1988983
1499000697086,0.14915466,-0.73339844,-2.2749481
1499000697106,0.14778137,-0.70973206,-2.3044128
1499000697127,0.10914612,-0.65078735,-2.2882233
1499000697148,0.093566895,-0.52189636,-2.2204285
1499000697167,0.11097717,-0.47868347,-2.1130676
1499000697187,0.2716217,-0.5805359,-2.044815
1499000697207,0.32095337,-0.9058075,-2.2709656
1499000697258,-0.02508545,-1.1084595,-2.744522
1499000697258,-0.3925171,-0.89634705,-2.8531036
1499000697265,-0.70251465,-0.72424316,-2.6539612
1499000697286,-0.92271423,-0.8505249,-2.308838
1499000697307,-0.6507416,-1.0204926,-2.1798096
1499000697326,-0.19017029,-1.025528,-2.2486725
1499000697349,-0.09182739,-0.99560547,-2.497589
1499000697369,-0.1481781,-1.0350037,-2.7715607
1499000697388,-0.25231934,-1.095932,-2.9677887
1499000697408,-0.19352722,-1.0052185,-3.054367
1499000697428,-0.25079346,-0.8325043,-3.099884
1499000697450,-0.4100647,-0.6671295,-3.1438599
1499000697469,-0.45573425,-0.4870758,-3.1278229
1499000697489,-0.46549988,-0.34490967,-3.0300903
1499000697509,-0.47039795,-0.29023743,-2.9760284
1499000697529,-0.48902893,-0.27008057,-2.9789429
1499000697550,-0.52230835,-0.1986084,-3.0120697
1499000697570,-0.5803375,-0.118896484,-3.0169525
1499000697590,-0.5966797,-0.03352356,-2.8628693
1499000697610,-0.46107483,0.0051116943,-2.6445007
1499000697630,-0.28485107,-0.028182983,-2.4740753
1499000697651,-0.24575806,-0.13859558,-2.4085693
1499000697671,-0.27064514,-0.20059204,-2.329605
1499000697691,-0.067855835,-0.17250061,-2.1347504
1499000697711,0.0045318604,-0.06452942,-1.8917999
1499000697765,-0.057006836,-0.027114868,-1.670517
1499000697766,0.022094727,-0.03642273,-1.5544586
1499000697770,0.13342285,-0.1750946,-1.3382263
1499000697789,0.31071472,-0.35757446,-1.2436981
1499000697809,0.29208374,-0.361557,-1.2882843
1499000697829,0.11112976,-0.19952393,-1.2391052
1499000697851,-0.039138794,-0.1308136,-1.0274506
1499000697869,-0.04724121,-0.20639038,-0.81900024
1499000697889,0.13296509,-0.3456726,-0.70936584
1499000697912,0.24520874,-0.42980957,-0.7215729
1499000697933,0.18014526,-0.45654297,-0.82725525
1499000697953,-0.04600525,-0.411026,-0.9068146
1499000697972,-0.19642639,-0.23205566,-1.0583038
1499000697992,-0.48750305,-0.11798096,-1.1262512
1499000698012,-0.5494995,-0.038879395,-0.995697
1499000698033,-0.37342834,-0.042541504,-0.79289246
1499000698053,-0.23078918,-0.09812927,-0.6779022
1499000698073,-0.2185669,-0.17707825,-0.63238525
1499000698093,-0.24407959,-0.18135071,-0.5801697
1499000698114,-0.18008423,-0.1694336,-0.52549744
1499000698134,-0.103897095,-0.18869019,-0.53312683
1499000698155,-0.06907654,-0.2131195,-0.54519653
1499000698174,-0.08555603,-0.27130127,-0.5902405
1499000698194,-0.11595154,-0.34857178,-0.6401825
1499000698214,-0.17382813,-0.35987854,-0.66903687
1499000698284,-0.27661133,-0.2340393,-0.6479645
1499000698284,-0.21658325,-0.11798096,-0.5798645
1499000698285,-0.019897461,-0.26672363,-0.55114746
1499000698292,-0.009674072,-0.4820404,-0.5931549
1499000698313,-0.07609558,-0.54785156,-0.61161804
1499000698334,-0.12098694,-0.4554596,-0.5667267
1499000698354,-0.12236023,-0.4059906,-0.5445862
1499000698373,-0.076553345,-0.3988037,-0.59039307
1499000698393,-0.07563782,-0.39422607,-0.7533417
1499000698416,-0.2527771,-0.18196106,-0.85443115
1499000698436,-0.29415894,-0.022842407,-0.80862427
1499000698457,-0.16069031,-0.15585327,-0.7374573
1499000698477,0.0152282715,-0.29664612,-0.71333313
1499000698497,0.03630066,-0.21846008,-0.68629456
1499000698516,-0.19596863,-0.049560547,-0.61621094
1499000698536,-0.39328003,0.13337708,-0.48762512
1499000698557,-0.45603943,0.1990509,-0.40730286
1499000698576,-0.4108429,0.14178467,-0.30436707
1499000698597,-0.29644775,-0.043304443,-0.31262207
1499000698617,-0.23017883,-0.12896729,-0.30177307
1499000698637,-0.18315125,-0.09063721,-0.2216034
1499000698658,-0.07029724,-0.057510376,-0.12249756
1499000698678,0.07600403,0.044662476,-0.08798218
1499000698697,0.11753845,0.13200378,-0.09591675
1499000698722,0.1207428,0.09214783,-0.10813904
1499000698773,0.10089111,0.04159546,-0.11088562
1499000698773,0.12104797,0.044815063,-0.061416626
1499000698775,0.14151001,0.24104309,-0.033309937
1499000698796,0.22000122,0.4534607,0.06335449
1499000698816,0.3490448,0.34977722,0.16383362
1499000698836,0.3612671,0.11428833,0.21530151
1499000698857,0.2962036,-0.024215698,0.3214264
1499000698876,0.43441772,0.06375122,0.36694336
1499000698896,0.5440521,0.08268738,0.15254211
1499000698917,0.14654541,0.1895752,-0.04324341
1499000698937,-0.1665039,0.30426025,0.078933716
1499000698958,-0.15000916,0.103759766,0.3087616
1499000698977,0.036758423,-0.07368469,0.37167358
1499000698997,0.08256531,-0.29496765,0.44161987
1499000699017,0.092041016,-0.2783203,0.45428467
1499000699037,0.10975647,-0.16134644,0.38191223
1499000699060,0.08226013,0.0032806396,0.25439453
1499000699078,-0.13626099,0.043899536,0.01953125
1499000699098,-0.4697876,0.028320313,-0.070114136
1499000699120,-0.560791,0.11062622,0.095718384
1499000699141,-0.20574951,0.06375122,0.33700562
1499000699160,0.23420715,0.028930664,0.36082458
1499000699179,0.31056213,0.037322998,0.30723572
1499000699201,0.25482178,0.00541687,0.21408081
1499000699218,0.17098999,0.00541687,0.19102478
1499000699241,0.17678833,0.115356445,0.17666626
1499000699260,0.25634766,0.18804932,0.16459656
1499000699280,0.27833557,0.17752075,0.1285553
1499000699299,0.2743683,0.1413269,0.052505493
1499000699320,0.26460266,0.022659302,-0.018951416
1499000699340,0.17755127,-0.16516113,-0.08843994
1499000699361,0.014007568,-0.26106262,-0.15808105
1499000699380,-0.13122559,-0.2390747,-0.16723633
1499000699400,-0.1151886,-0.19281006,-0.029953003
1499000699420,0.07310486,-0.4415741,0.09220886
1499000699440,0.0688324,-1.0299683,-0.033309937
1499000699461,-0.3517456,-0.9868927,-0.043548584
1499000699481,-0.44947815,-0.5370178,0.22109985
1499000699501,0.0370636,-0.19250488,0.37701416
1499000699522,0.64912415,-0.18777466,0.22720337
1499000699541,0.52282715,-0.19113159,-0.18067932
1499000699562,0.012786865,-0.1002655,-0.55145264
1499000699583,-0.39846802,0.027862549,-0.6094818
1499000699603,-0.49009705,0.33328247,-0.47937012
1499000699624,-0.5213928,0.41741943,-0.23199463
1499000699645,-0.3752594,0.18743896,-0.13990784
1499000699665,-0.22132874,-0.036727905,-0.24557495
1499000699684,-0.21170044,-0.080718994,-0.27368164
1499000699704,-0.10281372,0.04496765,-0.17059326
1499000699725,0.009719849,0.15505981,-0.045684814
1499000699759,0.07951355,0.039154053,-0.047973633
1499000699765,0.044540405,-0.09063721,-0.10127258
1499000699783,0.2470398,-0.14820862,-0.12646484
1499000699803,0.22673035,-0.085754395,-0.1847992
1499000699825,0.17633057,0.13934326,-0.20648193
1499000699844,0.28063965,0.26379395,-0.10783386
1499000699864,0.19892883,0.30197144,-0.050720215
1499000699883,0.021331787,0.21905518,-0.040496826
1499000699905,-0.007217407,0.18621826,0.07588196
1499000699928,0.09509277,0.28425598,0.26905823
1499000699946,0.14334106,0.14819336,0.26156616
1499000699967,-0.14007568,0.11993408,0.08442688
1499000699986,-0.40213013,0.26608276,0.1038208
1499000700008,-0.31111145,0.2616577,0.21530151
1499000700026,-0.15214539,-0.014587402,0.40634155
1499000700044,0.006668091,-0.31802368,0.40985107
1499000700065,-0.09106445,-0.36994934,0.33502197
1499000700085,-0.20651245,-0.21846008,0.28845215
1499000700107,-0.25247192,-0.005432129,0.20368958
1499000700128,-0.35205078,0.19400024,0.048233032
1499000700148,-0.51086426,0.26028442,-0.0044555664
1499000700169,-0.5360565,0.13230896,0.057540894
1499000700189,-0.29859924,-0.06285095,0.11405945
1499000700209,0.040267944,-0.10575867,0.0949707
1499000700302,0.1315918,-0.079956055,-0.0140686035
1499000700303,0.10638428,-0.029556274,-0.1308899
1499000700304,0.08302307,-0.03337097,-0.11868286
1499000700305,0.1340332,-0.058120728,-0.042633057
1499000700307,0.212677,-0.16394043,-0.011169434
1499000700327,0.34812927,-0.24794006,-0.114852905
1499000700348,0.41134644,-0.2390747,-0.2310791
1499000700368,0.44189453,-0.28627014,-0.30451965
1499000700387,0.33851624,-0.28627014,-0.4460907
1499000700408,0.100128174,-0.2442627,-0.49494934
1499000700427,-0.026916504,-0.10392761,-0.49494934
1499000700449,-0.14710999,0.1355133,-0.31643677
1499000700491,-0.008453369,0.23110962,-0.28131104
1499000700492,-0.24316406,0.022827148,-0.599411
1499000700508,-0.94485474,-0.07537842,-0.73150635
1499000700528,-1.0090027,-0.08239746,-0.32406616
1499000700565,-0.35617065,-0.048797607,0.15605164
1499000700570,0.3659973,-0.064834595,0.20063782
1499000700588,0.4884796,-0.07032776,-0.021102905
1499000700609,0.21954346,-0.032913208,-0.1701355
1499000700629,-0.010894775,0.047714233,-0.49327087
1499000700649,-0.4551239,0.06253052,-0.5850525
1499000700669,-0.58813477,0.054122925,-0.4421234
1499000700689,-0.4418335,0.08528137,-0.3000946
1499000700710,-0.23536682,0.16682434,-0.20922852
1499000700734,0.0016326904,0.2002716,-0.09944153
1499000700750,0.11555481,0.11672974,-0.023391724
1499000700771,0.13693237,0.0048065186,-0.0236969
1499000700790,0.14379883,-0.10758972,-0.05836487
1499000700810,0.17282104,-0.10255432,-0.04171753
1499000700831,0.1993866,-0.036590576,-0.038650513
1499000700851,0.22367859,0.07550049,-0.0826416
1499000700879,0.14762878,0.18606567,-0.11975098
1499000700892,0.110672,0.20210266,-0.090270996
1499000700913,0.22198486,0.07382202,-0.044158936
1499000700933,0.33255005,0.0118255615,-0.10310364
1499000700953,0.38432312,0.10864258,-0.16433716
1499000700975,0.40341187,0.4230652,-0.13516235
1499000700993,0.3426361,0.68634033,-0.07745361
1499000701013,0.1612091,0.37298584,-0.13761902
1499000701033,-0.08036804,0.16773987,-0.25230408
1499000701052,-0.13397217,0.15093994,-0.34957886
1499000701073,-0.04876709,0.17384338,-0.1834259
1499000701093,-0.0315094,-0.17478943,-0.069503784
1499000701115,-0.11213684,-0.46432495,-0.07209778
1499000701135,-0.16818237,-0.4099579,-0.085235596
1499000701155,-0.07197571,-0.15783691,-0.044006348
1499000701176,0.08103943,0.052597046,-0.04660034
1499000701195,0.09677124,0.16255188,-0.12432861
1499000701215,0.08103943,0.09580994,-0.22984314
1499000701254,0.07203674,-0.04071045,-0.2926178
1499000701255,0.014007568,-0.23770142,-0.38897705
1499000701274,-0.041275024,-0.079193115,-0.4103546
1499000701294,0.115097046,0.031829834,-0.38531494
1499000701314,0.14318848,-0.05368042,-0.41767883
1499000701334,0.120285034,-0.17829895,-0.46105957
1499000701355,0.115249634,-0.2062378,-0.5085449
1499000701378,0.05508423,-0.050476074,-0.5700836
1499000701396,0.09448242,0.075042725,-0.5771179
1499000701417,0.20733643,-0.057052612,-0.53022766
1499000701436,0.32598877,-0.15356445,-0.5351105
1499000701457,0.33499146,-0.2627411,-0.64079285
1499000701478,0.23344421,-0.123168945,-0.7951813
1499000701497,0.19068909,0.16697693,-0.83595276
1499000701517,0.28277588,0.26135254,-0.8643646
1499000701538,0.04484558,-0.021011353,-1.3202057
1499000701558,-0.7484741,-0.34872437,-1.7236633
1499000701578,-1.180191,-0.11048889,-1.4893951
1499000701598,-0.8681946,0.4704132,-0.8057251
1499000701618,-0.1594696,0.5429535,-0.5430603
1499000701638,0.2926941,0.3549652,-0.6362152
1499000701660,0.32598877,-0.2265625,-1.108078
1499000701678,0.16212463,-0.36001587,-1.4385529
1499000701698,0.008651733,0.013656616,-1.485733
1499000701719,-0.05807495,0.36091614,-1.3991547
1499000701770,-0.07106018,0.29312134,-1.3690643
1499000701771,-0.0134887695,-0.08026123,-1.4771881
1499000701779,-0.06755066,-0.25907898,-1.6042328
1499000701798,-0.16053772,-0.17250061,-1.5668182
1499000701817,-0.21368408,-0.14576721,-1.4318237
1499000701838,-0.22590637,-0.17402649,-1.3460083
1499000701858,-0.18788147,-0.35284424,-1.3114929
1499000701879,-0.04219055,-0.54190063,-1.1887207
1499000701898,0.11540222,-0.5070801,-0.95414734
1499000701919,0.080581665,-0.36384583,-0.7577667
1499000701939,-0.15718079,-0.17524719,-0.809845
1499000701961,-0.20880127,-0.19830322,-0.9567566
1499000701981,-0.13595581,-0.25724792,-0.9949341
1499000702001,-0.1469574,-0.20059204,-0.92178345
1499000702021,-0.2637787,0.065582275,-0.77593994
1499000702042,-0.27400208,0.4840088,-0.6620178
1499000702061,-0.22499084,0.52233887,-0.6685791
1499000702082,-0.28988647,0.108184814,-0.7857208
1499000702101,-0.49772644,-0.35391235,-0.76631165
1499000702121,-0.40838623,-0.26916504,-0.5821533
1499000702142,-0.071517944,0.005264282,-0.52641296
1499000702162,0.12623596,0.02418518,-0.5800171
1499000702183,0.061340332,-0.29634094,-0.70843506
1499000702202,-0.12420654,-0.62557983,-0.8721466
1499000702222,-0.38716125,-0.5609894,-0.9310913
1499000702260,-0.21124268,-0.18821716,-0.9037628
1499000702261,-0.10572815,-5.493164E-4,-0.8866577
1499000702281,-0.11671448,0.16773987,-0.8758087
1499000702303,-0.11991882,0.04144287,-0.8981018
1499000702323,0.04118347,-0.16348267,-0.92544556
1499000702343,0.20993042,-0.25465393,-0.950943
1499000702363,0.07218933,-0.29710388,-0.96713257
1499000702384,-0.11198425,-0.2992401,-0.99905396
1499000702404,-0.048614502,-0.18013,-0.975235
1499000702424,0.0031585693,-0.07307434,-0.92178345
1499000702444,-0.080215454,-0.08758545,-0.8942871
1499000702464,-5.0354004E-4,-0.10179138,-0.8686371
1499000702484,0.089279175,-0.12896729,-0.76678467
1499000702504,0.22810364,-0.11477661,-0.66674805
1499000702524,0.19847107,-0.10484314,-0.61743164
1499000702545,0.112350464,-0.11691284,-0.65774536
1499000702565,0.003616333,-0.19189453,-0.7595978
1499000702587,-0.18069458,-0.17997742,-0.7437134
1499000702605,-0.21429443,-0.18455505,-0.61605835
1499000702625,-0.13763428,-0.22212219,-0.6638489
1499000702645,-0.32669067,-0.25724792,-0.75883484
1499000702666,-0.5469055,-0.2589264,-0.75364685
1499000702686,-0.48887634,-0.23358154,-0.57940674
1499000702706,-0.0846405,-0.26167297,-0.40133667
1499000702750,0.3540802,-0.28886414,-0.48014832
1499000702750,0.37561035,-0.32077026,-0.63972473
1499000702765,0.1746521,-0.251297,-0.7420349
1499000702785,-0.026306152,-0.07766724,-0.71073914
1499000702805,-0.07487488,-0.01550293,-0.64811707
1499000702826,0.00819397,-0.052001953,-0.6588135
1499000702847,0.056915283,-0.061325073,-0.60154724
1499000702867,-0.064941406,-0.046966553,-0.46731567
1499000702888,-0.12236023,-0.05001831,-0.40455627
1499000702907,-0.026000977,-0.049713135,-0.3249817
1499000702927,0.14303589,-0.043304443,-0.2803955
1499000702948,0.13616943,-0.0769043,-0.25993347
1499000702968,0.017364502,-0.11553955,-0.30039978
1499000702989,-0.121292114,-0.022537231,-0.32835388
1499000703008,-0.0993042,0.18499756,-0.2568817
1499000703028,0.021331787,0.31114197,-0.14021301
1499000703049,0.12211609,0.29051208,-0.052093506
1499000703068,0.11418152,0.022506714,-0.029800415
1499000703089,0.044387817,-0.14286804,-0.036361694
1499000703108,0.0060577393,-0.24197388,-0.104782104
1499000703129,0.010177612,0.119018555,-0.14128113
1499000703150,0.07951355,0.32167053,-0.14265442
1499000703169,0.020263672,0.17048645,-0.33674622
1499000703190,-0.31951904,0.20118713,-0.53404236
1499000703209,-0.5583496,0.3247223,-0.3799591
1499000703279,-0.32073975,0.21463013,-0.029647827
1499000703279,0.110672,-0.082855225,0.11680603
1499000703279,0.1525116,-0.31817627,0.055252075
1499000703288,-0.015472412,-0.4046173,4.4250488E-4
1499000703308,-0.14083862,-0.41789246,-0.06690979
1499000703328,-0.33187866,-0.24839783,-0.09164429
1499000703349,-0.26164246,-0.049560547,-0.08721924
1499000703369,-0.07991028,0.040374756,-0.039413452
1499000703389,0.034622192,0.05076599,-0.08782959
1499000703408,-0.072891235,-0.008636475,-0.17533875
1499000703430,-0.13946533,-0.057662964,-0.23046875
1499000703450,0.014312744,-0.0843811,-0.24786377
1499000703469,0.13494873,-0.07185364,-0.2765808
1499000703489,0.13601685,-0.113708496,-0.30451965
1499000703509,0.102874756,-0.2181549,-0.34483337
1499000703529,0.12701416,-0.2696228,-0.3489685
1499000703550,0.13265991,-0.23251343,-0.33247375
1499000703570,0.13647461,-0.08850098,-0.26496887
1499000703592,0.28063965,-0.10240173,-0.16433716
1499000703610,0.3204956,-0.14881897,-0.17884827
1499000703631,0.24383545,-0.1921997,-0.29856873
1499000703651,0.20947266,-0.098587036,-0.41218567
1499000703672,0.22901917,0.08314514,-0.4092865
1499000703693,0.22612,0.08665466,-0.44380188
1499000703712,0.11128235,-0.18211365,-0.76387024
1499000703751,-0.5676727,-0.26289368,-1.178482
1499000703752,-1.0714569,-0.01689148,-1.1280823
1499000703772,-0.8759918,0.14224243,-0.6213989
1499000703793,-0.09854126,-0.032608032,-0.3674469
1499000703812,0.41226196,-0.2106781,-0.48945618
1499000703832,0.34309387,-0.26733398,-0.85061646
1499000703853,-0.057159424,0.029693604,-1.1105347
1499000703872,-0.39404297,0.33862305,-1.1282501
1499000703894,-0.3633423,0.42077637,-1.0202789
1499000703913,-0.2553711,0.36917114,-0.9680481
1499000703933,-0.028457642,0.19567871,-0.9127655
1499000703954,0.07737732,-0.033218384,-0.9903412
1499000703974,0.029724121,-0.22761536,-1.0491333
1499000703996,-0.036697388,-0.23022461,-1.0021057
1499000704015,-0.010437012,-0.20700073,-0.93414307
1499000704036,-0.047546387,-0.23190308,-0.91934204
1499000704055,-0.07594299,-0.19082642,-0.8915405
1499000704076,-0.06585693,-0.09263611,-0.8748932
1499000704096,-0.0206604,0.055648804,-0.84236145
1499000704116,0.071121216,0.11276245,-0.7976227
1499000704136,0.0921936,0.21186829,-0.73928833
1499000704156,0.07035828,0.25982666,-0.7464752
1499000704177,0.033706665,0.26013184,-0.75502014
1499000704198,0.015380859,0.41375732,-0.7661743
1499000704216,0.09082031,0.10986328,-0.898407
1499000704255,-0.35494995,-0.22395325,-1.1838226
1499000704256,-0.66693115,-0.07048035,-1.2050476
1499000704275,-0.46458435,0.098098755,-0.84817505
1499000704295,-0.034866333,-0.10331726,-0.61346436
1499000704317,0.23832703,-0.34246826,-0.61039734
1499000704337,0.21343994,-0.6016083,-0.90483093
1499000704358,-0.10235596,-0.2856598,-1.2339172
1499000704377,-0.3595276,0.07733154,-1.3406677
1499000704399,-0.44932556,0.23875427,-1.3052368
1499000704418,-0.30348206,0.21646118,-1.220932
1499000704439,-0.10862732,-0.030471802,-1.186264
1499000704458,-0.026306152,-0.25190735,-1.155426
1499000704478,0.033706665,-0.32305908,-1.1361847
1499000704499,0.078445435,-0.36079407,-1.1050262
1499000704519,8.69751E-4,-0.37712097,-1.1057892
1499000704539,-0.030593872,-0.32643127,-1.1038055
1499000704559,-0.054718018,-0.2132721,-1.0525055
1499000704579,-0.07899475,-0.12866211,-1.0173798
1499000704600,-0.104644775,-0.075683594,-1.0192108
1499000704619,-0.1296997,-0.12454224,-0.9836273
1499000704640,-0.029678345,-0.1642456,-0.9338379
1499000704659,0.22947693,-0.13217163,-0.9156647
1499000704679,0.32781982,-0.12423706,-0.9249878
1499000704700,0.20687866,-0.22166443,-0.94667053
1499000704720,0.08699036,-0.31954956,-0.9866791
1499000704769,-0.06846619,-0.4685974,-1.2145233
1499000704770,-0.56843567,-0.40507507,-1.3053894
1499000704778,-0.86361694,-0.22120667,-1.1106873
1499000704799,-0.6163788,-0.055984497,-0.69973755
1499000704821,0.13098145,-0.1851654,-0.5183258
1499000704839,0.45166016,-0.34292603,-0.6867523
1499000704859,0.30308533,-0.23831177,-1.0263824
1499000704879,0.024383545,0.058547974,-1.1682587
1499000704901,-0.09121704,0.18469238,-1.1308441
1499000704921,0.032485962,0.1831665,-1.0969391
1499000704941,0.08088684,0.11932373,-1.0838013
1499000704961,0.0332489,0.027862549,-1.1248779
1499000704981,-0.14251709,0.021591187,-1.1225891
1499000705002,-0.1469574,0.06037903,-0.9371948
1499000705022,0.04576111,0.068481445,-0.7554779
1499000705042,0.157547,0.03778076,-0.70492554
1499000705062,0.12960815,-0.1078949,-0.7171478
1499000705082,0.10272217,-0.21647644,-0.6859894
1499000705103,0.07157898,-0.16287231,-0.5983429
1499000705123,0.008346558,-0.05506897,-0.49388123
1499000705143,0.0010223389,-0.009246826,-0.46594238
1499000705163,0.011566162,0.07519531,-0.40226746
1499000705184,0.053863525,0.049087524,-0.27230835
1499000705204,0.11357117,0.022827148,-0.08157349
1499000705224,0.16151428,0.11581421,0.08015442
1499000705274,0.093566895,0.26394653,0.1138916
1499000705275,0.0023956299,0.07687378,-0.022323608
1499000705283,-0.22468567,-0.14775085,-0.2055664
1499000705304,-0.41603088,0.17658997,-0.082336426
1499000705324,-0.06738281,0.67962646,0.27134705
1499000705344,0.30949402,0.6301422,0.38954163
1499000705365,0.32003784,0.10757446,0.40283203
1499000705384,0.35118103,-0.3754425,0.24859619
1499000705406,0.3376007,-0.4217224,0.11817932
1499000705425,0.16273499,-0.22639465,-0.049346924
1499000705445,-0.09274292,-0.045135498,-0.26649475
1499000705465,-0.24087524,0.053207397,-0.34117126
1499000705485,-0.26057434,0.06588745,-0.28941345
1499000705505,-0.25216675,0.006790161,-0.18922424
1499000705526,-0.15870667,-0.16638184,-0.12753296
1499000705546,-0.06417847,-0.25587463,-0.15516663
1499000705566,-0.054260254,-0.29328918,-0.2570343
1499000705586,-0.14099121,-0.18638611,-0.3223877
1499000705607,-0.19429016,-0.08682251,-0.3014679
1499000705626,-0.19581604,-0.031082153,-0.24588013
1499000705646,-0.09777832,-0.13523865,-0.21044922
1499000705666,0.036758423,-0.31085205,-0.24084473
1499000705687,0.084854126,-0.3259735,-0.28085327
1499000705707,0.0909729,-0.29618835,-0.22724915
1499000705727,0.084854126,-0.33192444,-0.13180542
1499000705768,0.07722473,-0.39071655,-0.11317444
1499000705768,0.043167114,-0.55366516,-0.18769836
1499000705785,-0.07167053,-0.6235962,-0.30651855
1499000705806,-0.06877136,-0.55029297,-0.30070496
1499000705828,0.009262085,-0.49609375,-0.33003235
1499000705847,-0.32592773,-0.2760315,-0.45341492
1499000705868,-0.63790894,-0.061782837,-0.3184204
1499000705888,-0.3923645,-0.10774231,-0.05316162
1499000705909,0.23466492,-0.35620117,-0.0041503906
1499000705929,0.57444763,-0.42752075,-0.08584595
1499000705948,0.47198486,-0.40568542,-0.23352051
1499000705968,0.3136139,-0.25083923,-0.31323242
1499000705989,-0.059143066,-0.042541504,-0.36897278
1499000706010,-0.22087097,0.11077881,-0.32911682
1499000706029,-0.2897339,0.1749115,-0.30070496
1499000706049,-0.32211304,0.07397461,-0.4253235
1499000706069,-0.42793274,-0.034439087,-0.42166138
1499000706089,-0.4474945,-0.04345703,-0.26237488
1499000706110,-0.21459961,0.042663574,-0.0029296875
1499000706130,0.1302185,0.13002014,0.15376282
1499000706151,0.22688293,0.14743042,0.10977173
1499000706172,0.21237183,0.13322449,0.083969116
1499000706188,0.21588135,0.14163208,0.07098389
1499000706209,0.24551392,0.26150513,0.07525635
1499000706242,0.2534485,0.40046692,0.061676025
1499000706248,0.24871826,0.48675537,0.09144592
1499000706269,0.29040527,0.42582703,0.140625
1499000706289,0.29223633,0.23310852,0.20124817
1499000706312,0.24795532,0.07244873,0.22796631
1499000706331,0.21359253,0.2091217,0.3359375
1499000706351,0.23847961,0.68084717,0.44223022
1499000706372,0.18840027,0.75704956,0.45581055
1499000706391,0.05493164,0.57196045,0.3777771
1499000706413,-0.16604614,0.36795044,0.26004028
1499000706432,-0.106796265,0.216156,0.29867554
1499000706452,-0.026000977,-0.025283813,0.38908386
1499000706472,-0.06036377,-0.35559082,0.44345093
1499000706492,-0.071517944,-0.4611206,0.38923645
1499000706517,-0.08555603,-0.2659607,0.28860474
1499000706530,-0.13702393,0.0077056885,0.19606018
1499000706551,-0.2133789,0.14666748,0.1088562
1499000706571,-0.26515198,0.1781311,0.073272705
1499000706593,-0.26530457,0.050460815,0.045791626
1499000706614,-0.28607178,-0.17814636,0.06838989
1499000706633,-0.29936218,-0.23770142,0.1591034
1499000706653,-0.07426453,-0.16073608,0.245224
1499000706674,0.09890747,-0.11859131,0.2414093
1499000706694,0.14654541,-0.15524292,0.20552063
1499000706714,0.15907288,-0.18180847,0.19270325
1499000706759,0.20550537,-0.10255432,0.12657166
1499000706759,0.22015381,-0.046051025,0.05265808
1499000706773,0.28308105,-0.08392334,0.043807983
1499000706792,0.29559326,-0.20547485,-0.020629883
1499000706813,0.18840027,-0.24702454,-0.14372253
1499000706833,0.026824951,-0.1656189,-0.21443176
1499000706853,-0.055480957,-0.02330017,-0.1637268
1499000706873,-0.06463623,0.005722046,-0.103256226
1499000706893,-0.25247192,-0.121032715,-0.39111328
1499000706916,-0.90286255,-0.044525146,-0.615448
1499000706935,-1.17453,-0.008483887,-0.2290802
1499000706956,-0.5499573,-0.113082886,0.3809967
1499000706975,0.53596497,-0.20196533,0.46803284
1499000706996,0.8282471,-0.2450409,0.31440735
1499000707017,0.7786255,-0.20716858,-0.10295105
1499000707036,0.21160889,-0.043914795,-0.38912964
1499000707056,-0.30393982,0.055343628,-0.4644165
1499000707077,-0.44366455,0.06359863,-0.37797546
1499000707097,-0.41389465,0.061141968,-0.2596283
1499000707117,-0.39006042,0.041290283,-0.30804443
1499000707137,-0.3509674,0.0974884,-0.30101013
1499000707157,-0.22895813,0.095199585,-0.18739319
1499000707177,-0.10359192,0.0652771,-0.079589844
1499000707198,0.012481689,0.015335083,-0.03163147
1499000707218,0.0680542,-0.11569214,0.051589966
1499000707270,0.22825623,-0.06712341,0.05479431
1499000707270,0.34950256,0.103149414,0.023651123
1499000707276,0.333313,0.24058533,0.031585693
1499000707297,0.2607727,0.29081726,0.07373047
1499000707319,0.24168396,0.11001587,0.11558533
1499000707338,0.20045471,0.08175659,0.10824585
1499000707358,0.24076843,0.31236267,0.13909912
1499000707380,0.24993896,0.66252136,0.26690674
1499000707399,0.17297363,0.72177124,0.29486084
1499000707420,0.04560852,0.51026917,0.247818
1499000707439,-0.1469574,0.35038757,0.19132996
1499000707459,0.0045318604,0.37405396,0.2624817
1499000707479,0.14854431,0.098861694,0.37228394
1499000707499,0.04133606,-0.4464569,0.36709595
1499000707521,-0.017456055,-0.6626892,0.28263855
1499000707540,-0.059448242,-0.37727356,0.19972229
1499000707560,-0.09945679,-0.052764893,0.19819641
1499000707580,-0.08831787,0.036254883,0.20429993
1499000707600,-0.103897095,0.027709961,0.18551636
1499000707618,-0.1063385,-0.12347412,0.08488464
1499000707638,-0.175354,-0.23388672,0.0340271
1499000707658,-0.188797,-0.20135498,0.09068298
1499000707679,0.019958496,-0.1802826,0.17605591
1499000707699,0.21557617,-0.2537384,0.18353271
1499000707719,0.22718811,-0.22288513,0.10305786
1499000707740,0.12701416,-0.14653015,0.018753052
1499000707759,0.07173157,-0.07017517,-0.0012512207
1499000707779,0.15220642,-0.05445862,0.023498535
1499000707799,0.29299927,-0.09063721,0.007461548
1499000707820,0.33026123,-0.20227051,-0.078201294
1499000707847,0.2850647,-0.24441528,-0.18571472
1499000707860,0.13067627,-0.22961426,-0.29917908
1499000707880,-0.0055389404,-0.09385681,-0.33293152
1499000707900,-0.1399231,0.025115967,-0.21717834
1499000707921,-0.099609375,-0.06712341,-0.20343018
1499000707940,-0.2769165,-0.35009766,-0.43737793
1499000707960,-0.7539673,-0.37773132,-0.55633545
1499000707981,-0.79307556,-0.20257568,-0.3097229
1499000708001,-0.3302002,-0.12850952,-0.07728577
1499000708024,-0.021270752,-0.074295044,-0.06752014
1499000708043,0.21588135,-0.0952301,-0.21243286
1499000708064,-0.02355957,-0.03489685,-0.43310547
1499000708083,-0.31982422,0.11413574,-0.55145264
1499000708104,-0.5152893,0.2789154,-0.47402954
1499000708124,-0.53315735,0.22409058,-0.36897278
1499000708144,-0.3935852,0.0025024414,-0.33903503
1499000708164,-0.18315125,-0.03567505,-0.22038269
1499000708184,-0.028900146,0.15032959,-0.052246094
1499000708205,0.008041382,0.16285706,0.017990112
1499000708225,0.076309204,0.11138916,0.024719238
1499000708272,0.07646179,-0.005279541,0.02243042
1499000708272,0.065460205,-0.057662964,-0.0020141602
1499000708282,0.057678223,-8.544922E-4,-0.028884888
1499000708303,0.037979126,0.12223816,-0.049957275
1499000708323,0.05142212,0.2851715,0.009140015
1499000708344,0.19511414,0.3392334,0.12458801
1499000708364,0.3464508,0.2163086,0.19697571
1499000708385,0.427536,0.077178955,0.19163513
1499000708403,0.4644928,0.11505127,0.19483948
1499000708425,0.52726746,0.25616455,0.21560669
1499000708445,0.54481506,0.4731598,0.26843262
1499000708466,0.33285522,0.3085327,0.19194031
1499000708486,-0.11885071,0.2776947,0.056167603
1499000708506,-0.27217102,0.28990173,0.21759033
1499000708527,-0.0256958,0.093826294,0.5104828
1499000708546,0.22076416,-0.14866638,0.60440063
1499000708566,0.21115112,-0.3691864,0.47062683
1499000708587,0.08866882,-0.44004822,0.31150818
1499000708607,-0.04005432,-0.21754456,0.1615448
1499000708628,-0.13916016,-0.07261658,0.09602356
1499000708648,-0.14588928,0.12940979,0.05204773
1499000708668,-0.07121277,0.09397888,0.035247803
1499000708687,0.014160156,-0.009857178,0.05342102
1499000708708,0.10379028,-0.08041382,0.012191772
1499000708758,0.16349792,-0.113082886,-0.062942505
1499000708759,0.16656494,-0.14286804,-0.18281555
1499000708766,0.1181488,-0.1973877,-0.28207397
1499000708786,0.09051514,-0.22029114,-0.3210144
1499000708808,0.1352539,-0.11508179,-0.27612305
1499000708827,0.28155518,-0.022232056,-0.23764038
1499000708847,0.33699036,0.10391235,-0.15364075
1499000708867,0.42082214,-0.053848267,-0.099594116
1499000708889,0.5072479,-0.3522339,-0.13868713
1499000708909,0.53611755,-0.44966125,-0.14173889
1499000708930,0.592926,-0.27160645,-0.045684814
1499000708950,0.5993347,-0.12545776,0.094192505
1499000708970,0.6784363,-0.07644653,0.08274841
1499000708992,0.7514343,-0.43637085,-0.10951233
1499000709010,0.45899963,-0.77767944,-0.5795593
1499000709031,-0.46688843,-0.6567383,-0.75746155
1499000709050,-0.8408661,-0.09965515,-0.6841583
1499000709071,-0.85354614,0.15002441,-0.23580933
1499000709091,0.099823,-0.02268982,0.100616455
1499000709111,0.5759735,-0.2563324,0.017227173
1499000709131,0.28399658,-0.40202332,-0.32086182
1499000709151,-0.20069885,-0.29084778,-0.5813904
1499000709171,-0.4340515,0.042053223,-0.5836792
1499000709191,-0.5078125,0.29678345,-0.45524597
1499000709211,-0.39389038,0.21813965,-0.3121643
1499000709257,-0.18513489,0.075653076,-0.23121643
1499000709257,0.029876709,0.06665039,-0.21488953
1499000709270,0.07737732,0.17033386,-0.18418884
1499000709290,0.027130127,0.16972351,-0.19303894
1499000709310,-0.0064697266,-0.04071045,-0.1884613
1499000709331,0.09463501,-0.18838501,-0.14173889
1499000709350,0.3192749,-0.11843872,-0.12600708
1499000709370,0.39517212,0.01411438,-0.2310791
1499000709393,0.23298645,0.10040283,-0.3843994
1499000709412,0.12501526,0.13719177,-0.42318726
1499000709434,0.10501099,0.18637085,-0.29216003
1499000709453,0.053863525,0.23783875,-0.21672058
1499000709473,0.011566162,0.33496094,-0.16418457
1499000709493,-0.10420227,0.32106018,-0.20510864
1499000709513,-0.2185669,0.28089905,-0.23550415
1499000709534,-0.21231079,0.19064331,-0.12219238
1499000709554,0.07356262,0.051071167,0.082595825
1499000709574,0.38676453,0.07305908,0.24324036
1499000709595,0.31651306,0.12834167,0.23835754
1499000709614,0.064697266,0.09918213,0.083358765
1499000709635,-0.026916504,0.09901428,0.0053253174
1499000709655,-0.072891235,0.11979675,0.03036499
1499000709675,-0.08143616,0.18667603,0.11206055
1499000709695,-0.10923767,0.31021118,0.12794495
1499000709715,-0.1716919,0.3366394,0.099243164
1499000709785,-0.17855835,0.27020264,0.072052
1499000709786,-0.15641785,0.25830078,0.11251831
1499000709787,-0.09503174,0.31510925,0.20414734
1499000709794,-0.09259033,0.28120422,0.24491882
1499000709814,-0.11412048,0.17965698,0.16505432
1499000709835,-0.10786438,0.102996826,0.09007263
1499000709855,-0.14634705,0.14315796,0.08427429
1499000709876,-0.17871094,0.30578613,0.14596558
1499000709898,-0.24285889,0.3561859,0.1862793
1499000709916,-0.26805115,0.2593689,0.1335907
1499000709938,-0.22377014,0.14422607,0.09541321
1499000709956,-0.18467712,0.150177,0.122299194
1499000709976,-0.19215393,0.2459259,0.16429138
1499000709996,-0.23200989,0.25753784,0.1639862
1499000710017,-0.27539063,0.18988037,0.11022949
1499000710038,-0.25308228,0.051376343,0.06350708
1499000710057,-0.1361084,-0.03138733,0.06350708
1499000710077,-0.06265259,-0.042236328,0.104888916
1499000710098,-0.007385254,0.09703064,0.16932678
1499000710118,-0.034713745,0.103302,0.12107849
1499000710138,-0.025238037,0.018081665,0.028839111
1499000710158,-0.006164551,0.013504028,-0.022476196
1499000710178,-0.022338867,0.036712646,-0.0012512207
1499000710198,-0.0093688965,0.03060913,0.029296875
1499000710220,0.021331787,0.039611816,0.029907227
1499000710279,5.645752E-4,0.005569458,0.04685974
1499000710280,0.055541992,0.007858276,0.049606323
1499000710280,0.08805847,0.021453857,0.047164917
1499000710297,0.08592224,-0.006958008,0.0289917
1499000710317,0.06958008,-0.0049743652,0.010971069
1499000710338,0.010025024,0.0066375732,0.0013580322
1499000710358,-0.03074646,-0.03215027,-0.011627197
1499000710378,-0.04815674,-0.041778564,0.008224487
1499000710399,-0.08755493,-0.022994995,0.03326416
1499000710418,-0.11732483,0.020065308,0.063201904
1499000710439,-0.110458374,0.052444458,0.05709839
1499000710458,-0.09777832,0.039764404,0.0131073
1499000710480,-0.1411438,0.03152466,-0.008117676
1499000710500,-0.17962646,0.045578003,-0.035446167
1499000710520,-0.24484253,0.008163452,-0.0446167
1499000710542,-0.20986938,-0.056747437,-0.046142578
1499000710562,-0.067855835,-0.06575012,-0.060806274
1499000710584,0.03126526,-0.015670776,-0.06889343
1499000710601,0.019958496,0.020980835,-0.096069336
1499000710624,2.593994E-4,0.022506714,-0.11929321
1499000710642,0.03048706,0.007095337,-0.11454773
1499000710661,0.050186157,0.023132324,-0.09806824
1499000710681,0.035232544,0.037017822,-0.09913635
1499000710702,0.018432617,0.061920166,-0.10432434
1499000710722,-0.0043182373,0.095047,-0.076828
1499000710781,0.0042266846,0.059005737,-0.049957275
1499000710781,0.01461792,0.07015991,-0.060653687
1499000710782,-0.038528442,0.028625488,-0.059890747
1499000710801,-0.09121704,0.021453857,-0.02217102
1499000710821,-0.081588745,0.057937622,0.043045044
1499000710842,-0.069229126,0.036254883,0.06838989
1499000710861,-0.08938599,-0.06147766,0.058151245
1499000710881,-0.09320068,-0.08972168,0.042282104
1499000710902,-0.09762573,-0.06681824,0.02609253
1499000710922,-0.10771179,-0.0063476563,0.010360718
1499000710942,-0.07243347,0.020217896,-0.012390137
1499000710963,-0.012878418,0.0021972656,0.007003784
1499000710982,0.047439575,0.01411438,0.0077667236
1499000711002,0.047592163,0.013961792,-0.010559082
1499000711022,0.023925781,0.022964478,-0.011932373
1499000711045,-0.044784546,0.016098022,0.007156372
1499000711064,-0.0524292,-0.020858765,0.04777527
1499000711084,-0.033493042,-0.038116455,0.06808472
1499000711104,-0.047683716,-0.048034668,0.07296753
1499000711125,-0.07426453,-0.031845093,0.04396057
1499000711145,-0.08387756,-0.025894165,0.048538208
1499000711165,-0.057006836,-0.0031433105,0.05984497
1499000711185,-0.018829346,-0.012298584,0.076797485
1499000711205,0.02758789,-0.026657104,0.07878113
1499000711226,0.06774902,0.017929077,0.05908203
1499000711270,0.063934326,0.018234253,0.03555298
1499000711270,-0.0017242432,-0.019180298,0.012496948
1499000711284,-0.019134521,-0.015350342,0.0036468506
1499000711304,-0.020050049,6.1035156E-5,0.0077667236
1499000711324,-0.021881104,0.02557373,0.01676941
1499000711345,-0.019134521,0.058395386,0.013717651
1499000711366,0.014465332,0.05076599,0.028839111
1499000711385,0.01965332,0.042053223,0.033721924
1499000711405,-0.041427612,0.02557373,0.03250122
1499000711425,-0.05670166,-0.01826477,0.031280518
1499000711448,-0.046157837,-0.033828735,0.047317505
1499000711465,-0.023101807,-0.01473999,0.058151245
1499000711485,-0.019744873,0.027862549,0.06564331
1499000711505,-0.04798889,0.024353027,0.05999756
1499000711531,-0.05670166,0.02709961,0.03616333
1499000711548,-0.027542114,0.057174683,0.019058228
1499000711568,0.0013275146,0.07122803,0.0076141357
1499000711590,-0.0030975342,0.05747986,-0.012542725
1499000711608,-0.011199951,0.028015137,-0.025527954
1499000711629,0.0042266846,-0.007873535,-0.03437805
1499000711649,0.006515503,0.0011291504,-0.03804016
1499000711669,-0.042800903,0.016098022,-0.029037476
1499000711689,-0.041275024,-0.010467529,-0.029647827
1499000711712,-0.02279663,-0.023147583,-0.027816772
1499000711731,-0.009674072,0.006942749,-0.014526367
1499000711781,0.0054473877,0.033813477,-0.0236969
1499000711782,-0.011505127,0.01991272,-0.024917603
1499000711790,-0.016540527,-0.00390625,-0.034683228
1499000711809,-0.00630188,0.0064849854,-0.029342651
1499000711829,-0.008758545,0.016555786,-0.021713257
1499000711850,0.006668091,0.051223755,-0.041107178
1499000711870,0.02758789,0.05458069,-0.048431396
1499000711889,0.013397217,0.061141968,-0.042938232
1499000711910,0.006515503,0.04710388,-0.018508911
1499000711930,0.0017852783,-0.0022277832,-0.0010986328
1499000711950,-0.004470825,-0.027114868,-0.030258179
1499000711970,-0.026611328,-0.027267456,-0.03437805
1499000711991,-0.0365448,-0.0034484863,-0.009185791
1499000712010,0.0013275146,-0.009094238,0.015853882
1499000712030,0.016448975,0.017929077,-0.0058288574
1499000712051,0.03614807,0.036254883,-0.022018433
1499000712071,0.031097412,0.0234375,-0.03605652
1499000712092,0.026977539,0.05519104,-0.07606506
1499000712112,0.012924194,0.048324585,-0.08081055
1499000712132,0.005142212,0.008773804,-0.078201294
1499000712152,-0.0107421875,-0.034591675,-0.062179565
1499000712172,-0.032577515,-0.059951782,-0.038345337
1499000712192,-0.019592285,-0.08514404,-0.014526367
1499000712212,-0.03929138,-0.052459717,0.010360718
1499000712233,-0.05380249,-0.047729492,0.02319336
1499000712265,-0.042037964,-0.032608032,0.02166748
1499000712272,-0.010894775,0.013961792,0.024108887
1499000712291,8.69751E-4,0.03930664,0.024108887
1499000712312,0.019195557,0.034576416,0.025024414
1499000712333,0.044387817,0.026489258,0.020751953
1499000712353,0.038894653,0.04710388,-0.0026245117
1499000712373,-0.010894775,0.031219482,-0.01071167
1499000712394,-0.026916504,-0.0060424805,0.005630493
1499000712413,-0.005844116,-0.025131226,0.0076141357
1499000712434,0.011566162,-0.0074157715,0.008071899
1499000712455,0.002243042,-0.0028381348,0.0039520264
1499000712474,2.593994E-4,-5.493164E-4,-0.012237549
1499000712494,-0.0056915283,-0.028945923,-0.027053833
1499000712514,-0.03730774,-0.031692505,-0.024765015
1499000712535,-0.08770752,-0.035507202,-0.017120361
1499000712555,-0.09899902,-0.054763794,0.003036499
1499000712574,-0.08067322,-0.029251099,0.022735596
1499000712594,-0.053649902,-0.01260376,0.049453735
1499000712614,-0.040664673,-0.029403687,0.06976318
1499000712634,-0.01638794,-0.021621704,0.08854675
1499000712656,-0.009979248,-9.1552734E-5,0.07006836
1499000712675,-0.025238037,-0.036727905,0.0398407
1499000712695,-0.011962891,-0.01826477,0.045181274
1499000712715,0.007888794,0.029541016,0.03387451
1499000712778,-0.02798462,0.017929077,0.015090942
1499000712778,-0.024475098,-0.029251099,-0.02217102
1499000712779,0.0013275146,-0.017333984,-0.032699585
1499000712795,0.013092041,0.018997192,-0.02949524
1499000712814,-0.016998291,0.0035858154,-0.03804016
1499000712835,-0.02432251,-0.038269043,-0.044921875
1499000712867,0.0033111572,-0.038726807,-0.04385376
1499000712875,-0.007385254,-0.003753662,-0.04248047
1499000712895,-0.0315094,0.0025024414,-0.031173706
1499000712916,-0.034866333,-0.01184082,-0.025527954
1499000712947,-0.020050049,-0.024215698,-0.019866943
1499000712955,-0.01852417,-0.017196655,-0.024765015
1499000712975,-0.03868103,-0.015045166,-0.017730713
1499000712995,-0.05441284,0.0077056885,-0.01789856
1499000713016,-0.03440857,0.010910034,0.008529663
1499000713036,-0.021118164,0.0046539307,0.022888184
1499000713057,-0.013336182,-0.03199768,0.0131073
1499000713077,0.021484375,0.020065308,0.005783081
1499000713099,-0.009506226,0.018539429,-0.0026245117
1499000713118,-0.03715515,-0.015808105,-0.0128479
1499000713138,-0.0206604,-0.027572632,0.0015106201
1499000713159,-0.0121154785,-0.06376648,0.0039520264
1499000713179,0.019195557,-0.06254578,-1.6784668E-4
1499000713199,0.020721436,-0.044067383,0.0054779053
1499000713219,-0.0056915283,-0.0057373047,0.022277832
1499000713261,-0.038528442,0.022201538,0.022888184
1499000713265,-0.048294067,0.04588318,0.028381348
1499000713278,-0.03425598,0.070007324,0.0149383545
1499000713298,-0.017303467,0.058395386,-0.0140686035
1499000713319,-0.014709473,0.05000305,-0.024154663
1499000713338,-0.0093688965,0.028167725,-0.023086548
1499000713359,0.015075684,0.017929077,-0.023086548
1499000713378,0.024993896,0.001449585,-0.0140686035
1499000713399,0.023162842,0.0060272217,-0.009490967
1499000713421,-0.005996704,-8.544922E-4,-0.0055236816
1499000713441,-0.016845703,-0.008483887,-9.460449E-4
1499000713462,-0.019134521,-0.0043640137,0.009902954
1499000713481,-0.019744873,-0.0072631836,0.011428833
1499000713502,-0.028457642,0.019760132,-0.004760742
1499000713522,-0.026611328,0.0234375,0.0051727295
1499000713542,-0.018371582,0.014724731,0.008834839
1499000713563,-0.0012664795,0.016860962,0.005935669
1499000713583,-0.001876831,0.03564453,-0.010101318
1499000713603,-0.034103394,0.040374756,-0.031173706
1499000713622,-0.03227234,0.017166138,-0.042785645
1499000713642,0.01965332,0.03717041,-0.03315735
1499000713663,0.017059326,0.0594635,-0.029190063
1499000713683,-0.04876709,0.013961792,-0.025222778
1499000713703,-0.06755066,-0.035507202,-0.031784058
1499000713723,-0.04447937,-0.028793335,-0.048431396
1499000713779,-0.027542114,-0.037200928,-0.05102539
1499000713780,-0.0206604,-0.059188843,-0.052246094
1499000713783,0.0016326904,-0.061172485,-0.04032898
1499000713813,-0.0023345947,-0.0710907,-0.0073547363
1499000713825,0.01109314,-0.07215881,0.017684937
1499000713842,0.015686035,-0.0342865,0.020446777
1499000713863,-0.008148193,-0.04711914,0.032958984
1499000713882,-0.005844116,-0.03138733,0.03555298
1499000713902,-0.020355225,-0.014587402,0.027770996
1499000713923,-0.031967163,-0.014434814,0.020141602
1499000713945,-0.031967163,-0.041625977,0.009292603
1499000713966,-0.012878418,-0.04437256,0.0036468506
1499000713985,-0.004776001,-0.056747437,-0.006439209
1499000714006,0.006515503,-0.06941223,-0.01071167
1499000714026,0.039505005,-0.05001831,-0.0027770996
1499000714046,0.061798096,-0.0077209473,-0.0056762695
1499000714066,0.028198242,0.046188354,-1.6784668E-4
1499000714085,-0.032424927,0.030914307,-0.0024719238
1499000714107,-0.030441284,0.0038909912,-0.010101318
1499000714126,-0.025848389,-0.019943237,-0.0099487305
1499000714146,-0.030288696,-0.0501709,-0.02079773
1499000714167,2.593994E-4,-0.06071472,-0.026443481
1499000714187,0.021484375,-0.087127686,-0.020629883
1499000714206,0.058288574,-0.17662048,-0.022323608
1499000714227,0.10165405,-0.2613678,-0.026901245
1499000714261,0.17449951,-0.28259277,-0.04522705
1499000714266,0.17434692,-0.072006226,-0.06614685
1499000714285,-0.032577515,0.14224243,0.016464233
1499000714305,-0.15687561,0.10543823,0.029449463
