timestamp,acce_x,acce_y,acce_z
1499000675733,0.01373291,1.2229004,10.162628
1499000675753,-0.025497437,1.1640625,10.162628
1499000675774,0.033340454,1.1640625,9.868423
1499000675795,0.092178345,1.2032928,9.613449
1499000675814,0.15101624,1.2817383,9.535004
1499000675835,0.20986938,1.2032928,9.613449
1499000675855,0.11180115,1.2032928,9.554611
1499000675875,0.092178345,1.1640625,9.535004
1499000675896,0.092178345,1.1640625,9.554611
1499000675915,0.092178345,1.144455,9.574234
1499000675935,-0.0058898926,1.1248322,9.554611
1499000675956,-0.0058898926,1.1640625,9.750748
1499000675979,0.01373291,1.144455,9.927261
1499000675997,-0.04510498,1.1640625,10.005722
1499000676016,-0.06472778,1.1640625,10.044952
1499000676036,-0.025497437,1.18367,9.966492
1499000676056,-0.04510498,1.2229004,9.927261
1499000676078,0.033340454,1.2817383,9.907654
1499000676097,0.15101624,1.2425232,9.809586
1499000676116,0.17063904,1.2621307,9.73114
1499000676137,0.11180115,1.2621307,9.633072
1499000676158,0.01373291,1.2229004,9.593842
1499000676177,-0.04510498,1.2229004,9.633072
1499000676198,-0.20201111,1.18367,9.750748
1499000676239,-0.30007935,1.1640625,9.907654
1499000676240,-0.24124146,1.0856171,9.848816
1499000676258,-0.20201111,1.0856171,9.829208
1499000676279,-0.18240356,1.144455,9.868423
1499000676299,-0.08433533,1.1052246,9.966492
1499000676319,-0.025497437,1.0659943,9.966492
1499000676340,0.11180115,1.1248322,9.907654
1499000676359,0.0725708,1.0856171,9.829208
1499000676379,0.033340454,1.1248322,9.770355
1499000676400,0.052947998,1.1052246,9.652679
1499000676419,0.092178345,1.1052246,9.652679
1499000676439,0.052947998,1.0659943,9.672302
1499000676459,0.01373291,1.0463867,9.789978
1499000676479,-0.025497437,1.1248322,9.69191
1499000676500,0.01373291,1.2621307,9.672302
1499000676520,-0.025497437,1.2817383,9.633072
1499000676540,-0.08433533,1.2621307,9.69191
1499000676560,-0.20201111,1.2229004,9.750748
1499000676581,-0.08433533,1.2621307,9.868423
1499000676602,0.15101624,1.1640625,10.06456
1499000676621,0.24908447,1.0267639,10.162628
1499000676641,0.22947693,0.85025024,10.2018585
1499000676661,0.17063904,0.8698578,10.005722
1499000676681,0.0725708,0.90908813,9.73114
1499000676702,-0.08433533,0.85025024,9.613449
1499000676753,-0.24124146,0.752182,9.789978
1499000676754,-0.30007935,0.752182,9.770355
1499000676761,-0.3393097,0.8306427,9.652679
1499000676782,-0.31970215,0.85025024,9.633072
1499000676804,-0.20201111,0.9286957,9.750748
1499000676823,-0.16279602,0.967926,9.809586
1499000676843,-0.06472778,1.0463867,9.750748
1499000676863,0.0725708,1.1052246,9.809586
1499000676884,0.11180115,1.1052246,9.888046
1499000676905,0.19024658,1.1052246,9.966492
1499000676924,0.19024658,1.144455,9.888046
1499000676944,0.17063904,1.18367,9.888046
1499000676966,0.15101624,1.2425232,9.888046
1499000676985,0.13140869,1.1640625,9.829208
1499000677005,0.13140869,1.1248322,9.73114
1499000677024,0.0725708,1.0463867,9.789978
1499000677045,0.033340454,1.0071564,9.868423
1499000677066,0.033340454,1.0659943,9.809586
1499000677085,0.01373291,1.1052246,9.73114
1499000677106,0.092178345,1.144455,9.73114
1499000677128,0.0725708,1.1052246,9.69191
1499000677146,-0.04510498,1.144455,9.750748
1499000677166,-0.0058898926,1.18367,9.73114
1499000677186,0.052947998,1.2032928,9.829208
1499000677241,0.01373291,1.2229004,9.829208
1499000677242,0.052947998,1.2229004,9.809586
1499000677245,0.092178345,1.2425232,9.829208
1499000677265,0.01373291,1.2425232,9.789978
1499000677285,-0.0058898926,1.2032928,9.829208
1499000677306,-0.04510498,1.2032928,9.848816
1499000677325,-0.04510498,1.18367,9.868423
1499000677346,-0.10395813,1.1248322,9.809586
1499000677366,-0.025497437,1.18367,9.770355
1499000677385,-0.06472778,1.1640625,9.750748
1499000677407,-0.025497437,1.1640625,9.711517
1499000677426,0.092178345,1.2032928,9.789978
1499000677446,0.11180115,1.2032928,9.809586
1499000677467,0.052947998,1.1640625,9.848816
1499000677486,-0.025497437,1.1640625,9.868423
1499000677508,-0.0058898926,1.1052246,9.888046
1499000677526,-0.06472778,1.0463867,9.868423
1499000677547,-0.04510498,1.0659943,9.770355
1499000677567,-0.08433533,1.0659943,9.73114
1499000677588,-0.08433533,1.0267639,9.829208
1499000677608,-0.10395813,1.0267639,9.848816
1499000677627,-0.04510498,1.0856171,9.829208
1499000677647,-0.04510498,1.0856171,9.750748
1499000677667,-0.08433533,1.0659943,9.672302
1499000677688,-0.06472778,1.1052246,9.652679
1499000677719,-0.08433533,1.1640625,9.789978
1499000677728,-0.06472778,1.1248322,9.73114
1499000677748,-0.04510498,1.18367,9.672302
1499000677768,0.052947998,1.2425232,9.672302
1499000677788,0.13140869,1.2817383,9.652679
1499000677810,0.17063904,1.360199,9.633072
1499000677828,0.11180115,1.3405762,9.73114
1499000677848,0.052947998,1.3209686,9.809586
1499000677870,0.01373291,1.3209686,9.789978
1499000677889,-0.04510498,1.2621307,9.848816
1499000677909,-0.08433533,1.2229004,9.927261
1499000677936,-0.123565674,1.2621307,9.927261
1499000677949,-0.14317322,1.2425232,9.907654
1499000677981,-0.10395813,1.2817383,9.907654
1499000677989,-0.10395813,1.2817383,9.848816
1499000678010,-0.10395813,1.3013611,9.750748
1499000678030,-0.123565674,1.3209686,9.711517
1499000678050,-0.123565674,1.2621307,9.770355
1499000678070,-0.10395813,1.2817383,9.73114
1499000678091,-0.123565674,1.18367,9.73114
1499000678112,-0.18240356,1.1640625,9.789978
1499000678131,-0.14317322,1.1640625,9.829208
1499000678151,-0.20201111,1.18367,9.829208
1499000678171,-0.18240356,1.2032928,9.750748
1499000678192,-0.08433533,1.2032928,9.711517
1499000678221,-0.06472778,1.2621307,9.69191
1499000678231,-0.10395813,1.2229004,9.789978
1499000678251,-0.08433533,1.3209686,9.809586
1499000678272,-0.08433533,1.3013611,9.829208
1499000678292,-0.08433533,1.3013611,9.770355
1499000678312,-0.10395813,1.2425232,9.829208
1499000678334,-0.14317322,1.2621307,9.73114
1499000678352,-0.123565674,1.2229004,9.770355
1499000678372,-0.123565674,1.2621307,9.73114
1499000678392,-0.123565674,1.2621307,9.789978
1499000678413,-0.10395813,1.2621307,9.73114
1499000678433,-0.14317322,1.2621307,9.750748
1499000678453,-0.14317322,1.3013611,9.750748
1499000678472,-0.08433533,1.2229004,9.770355
1499000678493,-0.10395813,1.2425232,9.789978
1499000678513,-0.14317322,1.2032928,9.848816
1499000678533,-0.18240356,1.2229004,9.809586
1499000678553,-0.08433533,1.2817383,9.789978
1499000678573,-0.06472778,1.2229004,9.848816
1499000678593,-0.06472778,1.2425232,9.829208
1499000678614,-0.06472778,1.2621307,9.829208
1499000678633,-0.10395813,1.2032928,9.868423
1499000678654,-0.08433533,1.18367,9.888046
1499000678674,-0.04510498,1.2229004,9.829208
1499000678694,-0.025497437,1.2425232,9.73114
1499000678715,-0.08433533,1.2229004,9.73114
1499000678735,-0.08433533,1.2425232,9.593842
1499000678757,-0.16279602,1.2425232,9.574234
1499000678776,-0.16279602,1.2229004,9.770355
1499000678796,-0.18240356,1.18367,9.809586
1499000678817,-0.16279602,1.2032928,9.809586
1499000678836,-0.14317322,1.144455,9.848816
1499000678856,-0.14317322,1.18367,9.829208
1499000678878,-0.06472778,1.2621307,9.750748
1499000678897,-0.10395813,1.2817383,9.633072
1499000678917,-0.22163391,1.3013611,9.515396
1499000678940,-0.30007935,1.3209686,9.476166
1499000678959,-0.2804718,1.3405762,9.495773
1499000678979,-0.31970215,1.3013611,9.554611
1499000678998,-0.43737793,1.3209686,9.711517
1499000679019,-0.47660828,1.3013611,9.69191
1499000679038,-0.5550537,1.360199,9.593842
1499000679059,-0.53544617,1.4386444,9.476166
1499000679079,-0.51582336,1.4778748,9.436935
1499000679099,-0.4177704,1.575943,9.476166
1499000679119,-0.30007935,1.6347809,9.476166
1499000679139,-0.2804718,1.6543884,9.613449
1499000679159,-0.2804718,1.6543884,9.672302
1499000679179,-0.30007935,1.5367126,9.750748
1499000679200,-0.30007935,1.5171051,9.750748
1499000679232,-0.3393097,1.4386444,9.907654
1499000679239,-0.35891724,1.3013611,9.9861145
1499000679258,-0.2804718,1.2621307,10.123398
1499000679279,-0.20201111,1.2032928,10.10379
1499000679299,-0.06472778,1.1640625,10.10379
1499000679321,0.13140869,1.2425232,9.829208
1499000679341,0.4256134,1.360199,9.515396
1499000679361,0.58251953,1.4582672,9.417328
1499000679381,0.5628967,1.4778748,9.456543
1499000679401,0.44522095,1.4190369,9.652679
1499000679422,0.5432892,1.3209686,9.750748
1499000679441,0.58251953,1.2425232,9.927261
1499000679461,0.50405884,1.2229004,9.9861145
1499000679481,0.32754517,1.3013611,10.06456
1499000679502,0.28831482,1.5171051,9.750748
1499000679521,0.22947693,1.6936188,9.240799
1499000679542,0.11180115,1.9289856,8.868149
1499000679561,-0.025497437,2.0270538,8.907379
1499000679583,-0.08433533,2.0466614,9.1623535
1499000679603,-0.025497437,2.1447296,9.35849
1499000679623,0.11180115,2.2035675,9.378098
1499000679643,0.28831482,2.2624054,9.515396
1499000679663,0.4059906,2.18396,9.73114
1499000679683,0.58251953,2.2035675,9.927261
1499000679703,0.73942566,2.1643372,10.299927
1499000679741,0.58251953,2.066269,10.672577
1499000679742,0.30792236,1.9289856,11.1236725
1499000679762,0.11180115,1.8701477,11.359039
1499000679783,0.0725708,1.8701477,11.476715
1499000679803,0.092178345,1.8309174,11.496338
1499000679825,0.20986938,1.6936188,11.260971
1499000679844,0.24908447,1.6151733,10.986389
1499000679864,0.11180115,1.3994293,10.829483
1499000679884,-0.14317322,0.967926,10.790253
1499000679905,-0.35891724,0.51683044,11.202133
1499000679925,-0.65312195,0.10494995,11.417877
1499000679945,-1.0061646,-0.051956177,11.084457
1499000679965,-1.3199768,0.04611206,10.339142
1499000679985,-1.418045,0.28146362,9.574234
1499000680005,-1.3003693,0.37953186,9.299637
1499000680026,-1.1630707,0.28146362,9.417328
1499000680046,-1.0061646,0.18339539,9.574234
1499000680066,-0.71195984,0.22262573,9.35849
1499000680086,-0.65312195,0.30107117,8.828918
1499000680106,-0.71195984,0.35992432,8.1228485
1499000680127,-0.79042053,0.37953186,7.4167633
1499000680146,-0.73158264,0.35992432,7.6717377
1499000680166,-0.8100281,0.35992432,8.181686
1499000680186,-0.86886597,0.35992432,8.39743
1499000680207,-0.73158264,0.6148834,8.593567
1499000680252,-0.49621582,0.752182,8.828918
1499000680254,-0.4177704,0.967926,9.123123
1499000680267,-0.6138916,1.1052246,9.240799
1499000680288,-0.88848877,1.3209686,9.35849
1499000680308,-1.1042328,1.5563354,9.535004
1499000680328,-1.1434631,1.7132416,9.9861145
1499000680348,-1.1630707,1.6936188,10.672577
1499000680368,-0.94732666,1.5955505,11.045227
1499000680388,-0.73158264,1.360199,11.378647
1499000680408,-0.6727295,1.3013611,11.790527
1499000680429,-0.4177704,1.2229004,11.614014
1499000680449,-0.16279602,1.0659943,11.162903
1499000680469,-0.18240356,0.77178955,11.143295
1499000680489,-0.16279602,0.4187622,11.339432
1499000680517,0.32754517,0.14416504,11.143295
1499000680528,0.91593933,-0.07157898,10.947159
1499000680547,0.7590332,-0.36576843,10.770645
1499000680567,0.5628967,-0.503067,10.417603
1499000680588,0.4844513,-0.287323,9.69191
1499000680608,0.4256134,-0.032348633,8.789703
1499000680629,0.32754517,0.22262573,7.98555
1499000680649,0.19024658,0.18339539,7.6325073
1499000680669,0.01373291,0.026489258,8.044388
1499000680689,-0.22163391,-0.012741089,8.377823
1499000680746,-0.3393097,0.04611206,8.3582
1499000680747,-0.16279602,0.30107117,8.240524
1499000680750,-0.16279602,0.5952759,7.98555
1499000680771,-0.20201111,0.9286957,7.6325073
1499000680791,-0.08433533,1.1052246,7.7305756
1499000680811,0.28831482,1.2229004,8.220917
1499000680833,0.38638306,1.2425232,8.887756
1499000680852,0.38638306,1.3405762,9.495773
1499000680872,0.4648285,1.4190369,9.927261
1499000680892,0.6217346,1.3013611,10.554901
1499000680912,0.68058777,1.144455,11.457108
1499000680934,0.50405884,1.144455,12.51622
1499000680952,0.38638306,1.2621307,12.731964
1499000680972,0.19024658,1.144455,12.594681
1499000680992,-0.2804718,0.85025024,12.653519
1499000681012,-1.1630707,0.4776001,12.51622
1499000681034,-1.7906952,0.22262573,11.849365
1499000681053,-1.8691406,0.124557495,11.339432
1499000681073,-1.6533966,0.124557495,10.888321
1499000681093,-1.1434631,0.04611206,10.397995
1499000681113,-0.5746765,0.026489258,9.868423
1499000681134,-0.31970215,0.006881714,9.260422
1499000681153,-0.45698547,0.006881714,8.789703
1499000681173,-0.5550537,0.006881714,8.475891
1499000681194,-0.4177704,0.14416504,7.98555
1499000681250,-0.37854004,0.28146362,7.377533
1499000681250,-0.37854004,0.4776001,6.9264374
1499000681253,-0.30007935,0.5952759,6.8675995
1499000681273,-0.2804718,0.71295166,7.259857
1499000681294,-0.20201111,0.8698578,7.7894135
1499000681315,-0.24124146,0.9483185,8.201294
1499000681335,-0.47660828,1.0463867,8.318985
1499000681355,-0.73158264,1.2425232,8.534729
1499000681375,-1.0650024,1.4582672,9.083893
1499000681395,-1.1826782,1.4778748,9.789978
1499000681415,-1.0257721,1.3209686,10.456833
1499000681437,-0.5550537,1.2425232,10.849091
1499000681456,-0.123565674,1.0856171,11.084457
1499000681476,0.092178345,1.3013611,11.417877
1499000681496,0.68058777,1.4190369,11.182526
1499000681516,1.484726,1.360199,10.790253
1499000681539,1.3082123,0.752182,11.182526
1499000681555,0.71980286,0.14416504,12.10434
1499000681575,0.52368164,-0.6403656,12.947723
1499000681597,0.38638306,-0.99339294,13.045776
1499000681617,0.28831482,-0.8364868,11.829758
1499000681638,0.5628967,-0.44422913,10.299927
1499000681658,1.4258881,-0.07157898,9.221191
1499000681678,1.484726,0.124557495,8.848541
1499000681698,0.85710144,0.04611206,8.926987
1499000681753,0.24908447,0.04611206,9.025055
1499000681754,0.20986938,0.24223328,8.652405
1499000681758,0.6413574,0.51683044,8.103226
1499000681777,0.73942566,0.79141235,7.926712
1499000681796,0.3667755,0.8698578,7.8090363
1499000681818,0.26870728,0.967926,7.769806
1499000681839,0.3471527,1.1052246,7.9659424
1499000681858,0.6217346,1.2229004,8.456268
1499000681878,0.8963318,1.4582672,8.868149
1499000681899,0.8963318,1.6347809,8.985825
1499000681919,0.73942566,1.7132416,9.260422
1499000681940,0.50405884,1.4386444,9.9861145
1499000681959,0.26870728,1.1052246,10.790253
1499000681979,0.092178345,0.9483185,11.614014
1499000681999,-0.025497437,1.0267639,11.77092
1499000682019,0.01373291,1.0856171,11.417877
1499000682041,0.5628967,1.0856171,11.692459
1499000682062,0.5432892,0.8110199,12.123962
1499000682080,-0.2804718,0.43836975,11.790527
1499000682100,-0.94732666,0.24223328,11.260971
1499000682120,-1.1434631,0.065719604,10.927551
1499000682141,-0.73158264,-0.110809326,10.888321
1499000682161,-0.30007935,-0.15002441,10.888321
1499000682181,-0.14317322,-0.15002441,10.319534
1499000682201,-0.20201111,-0.051956177,9.142731
1499000682253,-0.26086426,0.08532715,8.064011
1499000682254,-0.06472778,0.18339539,7.4559937
1499000682261,-0.025497437,0.26185608,7.4167633
1499000682282,-0.16279602,0.43836975,7.5736694
1499000682301,-0.26086426,0.65411377,7.5148315
1499000682322,-0.22163391,0.8894806,7.554062
1499000682342,-0.16279602,1.0659943,7.8090363
1499000682362,-0.26086426,1.144455,8.162064
1499000682382,-0.22163391,1.2425232,8.809311
1499000682403,-0.04510498,1.3405762,9.535004
1499000682423,-0.04510498,1.4778748,10.241074
1499000682444,-0.2804718,1.6347809,10.633347
1499000682463,-0.14317322,1.6151733,10.986389
1499000682483,0.19024658,1.5367126,11.202133
1499000682503,0.28831482,1.4386444,11.260971
1499000682523,0.26870728,1.5171051,11.182526
1499000682549,0.50405884,1.5171051,10.790253
1499000682563,0.7590332,1.4582672,10.358765
1499000682582,0.68058777,0.967926,10.731415
1499000682602,0.58251953,0.37953186,11.437485
1499000682624,1.0140076,-0.15002441,12.10434
1499000682645,1.6024017,-0.2088623,11.829758
1499000682664,1.7985382,0.006881714,11.005997
1499000682684,1.9358368,0.28146362,10.339142
1499000682705,1.916214,0.35992432,9.613449
1499000682756,1.5239563,0.28146362,9.142731
1499000682757,1.210144,0.20301819,8.789703
1499000682764,0.7590332,0.26185608,8.495499
1499000682785,0.30792236,0.28146362,8.1228485
1499000682805,-0.4177704,0.35992432,7.7894135
1499000682826,-0.43737793,0.6148834,7.6717377
1499000682847,-0.20201111,1.0071564,7.475601
1499000682866,0.32754517,1.4386444,7.593292
1499000682886,0.66096497,1.7132416,7.926712
1499000682906,0.9944,1.8701477,8.220917
1499000682926,1.1905212,2.0270538,8.554337
1499000682946,1.3474274,2.1251068,8.9466095
1499000682966,1.5043335,2.2624054,9.456543
1499000682986,1.484726,2.18396,10.143021
1499000683006,1.3082123,1.9485931,10.731415
1499000683026,0.9747772,1.7328491,11.162903
1499000683048,0.58251953,1.7524567,11.182526
1499000683067,0.22947693,1.8112946,10.790253
1499000683087,0.19024658,1.6936188,10.613739
1499000683108,-0.10395813,1.3405762,11.005997
1499000683136,-0.8492584,0.85025024,11.39827
1499000683146,-1.2611389,0.536438,11.476715
1499000683166,-1.08461,0.35992432,11.437485
1499000683186,-0.6727295,0.30107117,11.39827
1499000683206,-0.26086426,0.4187622,10.80986
1499000683228,0.52368164,0.6737366,9.770355
1499000683247,0.876709,0.77178955,8.593567
1499000683266,0.79826355,0.49720764,7.8090363
1499000683287,0.5432892,0.14416504,7.8482513
1499000683307,0.22947693,-0.110809326,8.750473
1499000683327,-0.06472778,-0.110809326,9.064285
1499000683348,-0.025497437,0.20301819,8.436661
1499000683367,-0.08433533,0.65411377,7.1814117
1499000683387,-0.3393097,0.967926,6.612625
1499000683407,-0.51582336,1.0071564,7.1421814
1499000683428,-0.6727295,0.79141235,8.436661
1499000683450,-0.6727295,0.6933441,9.593842
1499000683470,-0.45698547,0.9286957,10.280304
1499000683489,0.033340454,1.360199,10.751022
1499000683509,0.4256134,1.791687,11.084457
1499000683528,0.68058777,1.8701477,11.496338
1499000683549,0.77864075,1.6543884,11.614014
1499000683569,0.71980286,1.4190369,11.712082
1499000683589,0.79826355,1.18367,11.339432
1499000683609,0.91593933,0.79141235,11.0256195
1499000683629,0.4844513,0.20301819,11.300201
1499000683650,-0.24124146,-0.36576843,11.888596
1499000683670,-0.6138916,-0.71881104,12.222031
1499000683689,-0.30007935,-0.6403656,11.515945
1499000683710,0.52368164,-0.26771545,10.456833
1499000683731,1.3082123,0.124557495,9.789978
1499000683750,1.6416321,0.35992432,9.574234
1499000683770,1.5043335,0.3991394,9.456543
1499000683790,1.2493744,0.4579773,9.044662
1499000683812,1.092453,0.49720764,8.573944
1499000683833,0.9355469,0.4776001,8.299362
1499000683854,0.71980286,0.51683044,8.142456
1499000683873,0.50405884,0.6148834,8.103226
1499000683892,0.4256134,0.6933441,7.9071045
1499000683913,0.4648285,0.8306427,7.5148315
1499000683933,0.71980286,1.0071564,7.4559937
1499000683953,0.8374939,1.1248322,7.828644
1499000683973,0.8963318,1.2425232,7.9659424
1499000683994,0.77864075,1.2425232,8.338593
1499000684014,0.5432892,1.2425232,9.123123
1499000684033,0.44522095,1.3209686,9.848816
1499000684055,0.4648285,1.3405762,10.358765
1499000684074,0.6413574,1.3798065,10.770645
1499000684094,0.58251953,1.4386444,11.202133
1499000684115,0.4648285,1.5171051,11.359039
1499000684134,0.79826355,1.575943,11.202133
1499000684155,1.0336151,1.4386444,11.182526
1499000684175,0.3471527,0.967926,11.476715
1499000684195,-0.65312195,0.51683044,11.614014
1499000684234,-0.9669342,0.30107117,11.182526
1499000684234,-0.71195984,0.124557495,10.672577
1499000684255,-0.30007935,-0.110809326,10.456833
1499000684275,0.033340454,-0.30693054,10.594116
1499000684296,0.26870728,-0.38539124,10.496048
1499000684315,0.32754517,-0.36576843,9.946884
1499000684336,0.26870728,-0.287323,9.1623535
1499000684356,0.15101624,-0.2088623,8.279755
1499000684376,-0.24124146,-0.18925476,8.240524
1499000684394,-0.6138916,-0.110809326,8.534729
1499000684414,-0.53544617,0.04611206,8.338593
1499000684435,-0.2804718,0.35992432,7.9659424
1499000684457,-0.16279602,0.6737366,7.691345
1499000684477,-0.22163391,0.85025024,7.9071045
1499000684497,0.052947998,1.0071564,8.377823
1499000684517,0.3667755,1.1640625,8.848541
1499000684537,0.30792236,1.2032928,9.378098
1499000684558,-0.0058898926,1.144455,9.593842
1499000684581,-0.43737793,1.144455,9.750748
1499000684596,-0.31970215,1.0071564,10.06456
1499000684616,0.4059906,0.65411377,10.80986
1499000684637,0.50405884,0.51683044,11.339432
1499000684658,0.4256134,0.30107117,11.260971
1499000684676,0.77864075,0.16378784,10.947159
1499000684697,0.73942566,-0.012741089,11.614014
1499000684736,0.26870728,-0.2088623,12.339706
1499000684738,0.32754517,-0.2088623,12.123962
1499000684758,1.210144,0.04611206,11.496338
1499000684777,1.8181458,0.30107117,10.751022
1499000684798,1.8966064,0.24223328,10.005722
1499000684818,1.6024017,0.04611206,9.593842
1499000684838,1.2885895,0.006881714,9.280029
1499000684859,1.3278198,0.026489258,8.691635
1499000684878,1.3474274,0.10494995,8.417038
1499000684898,1.0532379,0.10494995,8.377823
1499000684918,0.5628967,0.08532715,8.515106
1499000684938,0.24908447,0.24223328,8.240524
1499000684960,0.3471527,0.65411377,7.8090363
1499000684979,0.50405884,0.9483185,7.7305756
1499000684999,0.4844513,1.1248322,8.083618
1499000685019,0.66096497,1.2621307,8.456268
1499000685040,0.9355469,1.4190369,8.907379
1499000685062,1.1316833,1.4974823,9.31926
1499000685082,1.092453,1.5955505,9.789978
1499000685101,0.9551697,1.6543884,10.221466
1499000685121,0.9551697,1.5955505,10.80986
1499000685142,1.1316833,1.4582672,11.751312
1499000685164,1.1905212,1.5171051,12.084732
1499000685182,1.092453,1.575943,11.574783
1499000685202,1.1120758,1.4582672,11.202133
1499000685248,0.8374939,1.1052246,11.555176
1499000685249,-0.10395813,0.8110199,11.77092
1499000685263,-0.8492584,0.6148834,11.339432
1499000685282,-1.0650024,0.57566833,10.790253
1499000685303,-0.8296356,0.43836975,10.535278
1499000685323,-0.22163391,0.18339539,10.633347
1499000685343,0.28831482,-0.032348633,10.711807
1499000685363,0.4059906,-0.012741089,10.319534
1499000685384,0.26870728,0.065719604,9.31926
1499000685404,0.32754517,0.28146362,8.064011
1499000685424,0.3667755,0.43836975,7.3579254
1499000685444,0.17063904,0.35992432,7.7305756
1499000685465,-0.18240356,0.32069397,8.005157
1499000685484,-0.31970215,0.4776001,7.828644
1499000685504,-0.20201111,0.8698578,7.7305756
1499000685524,-0.025497437,1.18367,7.6717377
1499000685544,0.052947998,1.3013611,8.162064
1499000685565,0.01373291,1.3013611,9.083893
1499000685584,-0.30007935,1.4974823,9.535004
1499000685605,-0.30007935,1.6151733,9.69191
1499000685625,-0.10395813,1.6151733,9.9861145
1499000685645,0.13140869,1.3405762,10.417603
1499000685666,-0.10395813,1.3405762,10.907928
1499000685685,0.13140869,1.2817383,10.594116
1499000685705,0.876709,1.0659943,10.280304
1499000685729,1.3278198,0.4776001,11.162903
1499000685744,1.0140076,-0.40499878,12.496613
1499000685765,0.876709,-1.0522461,13.732254
1499000685785,1.5631866,-1.0522461,13.359589
1499000685805,2.3477173,-0.5815277,12.045502
1499000685825,2.916504,-0.2284851,10.849091
1499000685845,2.8772736,-0.07157898,10.221466
1499000685866,2.249649,-0.012741089,10.10379
1499000685885,1.484726,0.04611206,9.750748
1499000685906,1.0140076,0.18339539,8.809311
1499000685927,0.91593933,0.43836975,7.9659424
1499000685948,0.8178711,0.65411377,7.6325073
1499000685968,0.4059906,0.8306427,7.475601
1499000685988,0.0725708,0.967926,7.1814117
1499000686008,0.033340454,1.144455,6.9264374
1499000686028,0.0725708,1.3405762,7.044113
1499000686049,0.13140869,1.5367126,7.4559937
1499000686069,0.3471527,1.6936188,8.02478
1499000686088,0.66096497,1.8505249,8.672012
1499000686108,0.58251953,2.1251068,9.005447
1499000686129,0.38638306,2.4193115,9.201569
1499000686149,0.4059906,2.4193115,9.495773
1499000686169,0.50405884,2.2427979,10.280304
1499000686188,0.52368164,2.223175,11.202133
1499000686209,0.8178711,2.18396,11.319809
1499000686259,1.2885895,1.9878235,11.1236725
1499000686259,1.210144,1.360199,11.849365
1499000686269,0.24908447,0.752182,12.575058
1499000686288,-0.6138916,0.32069397,12.14357
1499000686308,-1.0061646,0.20301819,11.39827
1499000686328,-0.86886597,0.006881714,11.1236725
1499000686348,-0.24124146,-0.09118652,11.1236725
1499000686369,0.4844513,-0.110809326,10.888321
1499000686390,0.8178711,-0.012741089,10.319534
1499000686409,0.79826355,0.006881714,9.495773
1499000686429,0.71980286,0.16378784,8.613174
1499000686449,0.6413574,0.14416504,8.318985
1499000686470,0.52368164,0.04611206,8.632797
1499000686490,0.4844513,0.124557495,8.828918
1499000686510,0.3471527,0.43836975,8.377823
1499000686530,0.26870728,0.73257446,7.7501984
1499000686549,0.20986938,0.9286957,7.495224
1499000686570,0.30792236,1.0267639,8.02478
1499000686590,0.38638306,1.0463867,8.652405
1499000686610,0.4256134,1.3013611,9.201569
1499000686630,0.24908447,1.6740112,9.142731
1499000686650,0.24908447,1.9485931,9.299637
1499000686671,0.4059906,2.0466614,9.73114
1499000686693,0.7590332,2.0270538,10.241074
1499000686746,1.0532379,1.8505249,10.594116
1499000686746,1.1120758,1.9289856,10.535278
1499000686751,1.5827942,1.7132416,10.241074
1499000686772,1.9554443,1.2621307,10.378372
1499000686791,1.7593079,0.6148834,11.182526
1499000686811,1.5631866,-0.2284851,11.967056
1499000686832,1.6416321,-0.8561096,12.575058
1499000686852,2.2104187,-1.0914612,12.55545
1499000686874,2.6222992,-1.1306915,12.084732
1499000686893,2.9753418,-0.99339294,11.437485
1499000686913,3.132248,-0.71881104,10.574509
1499000686933,2.955719,-0.46383667,9.652679
1499000686953,2.5438385,-0.24809265,8.966217
1499000686973,1.9750519,-0.09118652,8.573944
1499000686994,1.5631866,0.04611206,8.240524
1499000687015,1.092453,0.18339539,7.8874817
1499000687035,0.73942566,0.30107117,7.475601
1499000687055,0.52368164,0.4187622,7.1814117
1499000687076,0.50405884,0.65411377,7.259857
1499000687095,0.58251953,0.90908813,7.4167633
1499000687115,0.66096497,1.1640625,7.710968
1499000687136,0.73942566,1.4582672,8.064011
1499000687156,0.8178711,1.7132416,8.593567
1499000687176,0.8374939,1.9093628,9.1623535
1499000687196,0.79826355,2.1447296,9.593842
1499000687250,0.7590332,2.0858917,10.143021
1499000687251,0.8178711,1.7720795,10.868713
1499000687256,0.79826355,1.7524567,11.457108
1499000687276,0.52368164,1.9878235,11.476715
1499000687295,0.3667755,2.007431,11.1236725
1499000687316,0.3667755,1.6151733,11.417877
1499000687336,0.092178345,1.1052246,12.025894
1499000687356,-0.51582336,0.6737366,12.0651245
1499000687376,-0.8296356,0.5952759,11.417877
1499000687398,-0.6335144,0.5952759,10.966766
1499000687418,-0.06472778,0.4187622,10.927551
1499000687438,0.68058777,0.14416504,11.084457
1499000687458,1.1513062,-0.032348633,11.005997
1499000687479,1.1709137,-0.012741089,10.260696
1499000687499,1.0532379,0.026489258,9.436935
1499000687518,1.0336151,0.065719604,8.515106
1499000687539,1.0336151,0.20301819,8.02478
1499000687558,0.9551697,0.4187622,8.005157
1499000687579,0.66096497,0.6345062,7.9071045
1499000687600,0.44522095,0.8698578,7.7305756
1499000687619,0.26870728,1.1640625,7.6129
1499000687639,0.24908447,1.3209686,7.867874
1499000687661,0.17063904,1.360199,8.515106
1499000687680,0.052947998,1.3994293,9.103516
1499000687699,-0.08433533,1.5171051,9.613449
1499000687742,-0.123565674,1.6936188,9.868423
1499000687742,-0.025497437,1.8701477,9.946884
1499000687758,0.092178345,1.9878235,10.2018585
1499000687779,0.28831482,1.9878235,10.672577
1499000687799,0.5432892,1.791687,10.986389
1499000687819,0.50405884,1.8309174,11.1236725
1499000687839,0.7590332,1.6740112,10.849091
1499000687860,1.3866577,1.2817383,10.888321
1499000687880,1.3670502,0.5952759,11.751312
1499000687900,0.876709,-0.110809326,12.633911
1499000687919,0.71980286,-0.42462158,12.731964
1499000687940,1.1316833,-0.24809265,11.829758
1499000687961,1.6024017,-0.13041687,10.849091
1499000687987,1.8966064,0.006881714,10.319534
1499000688000,1.7985382,0.065719604,9.888046
1499000688020,1.5239563,0.32069397,9.201569
1499000688040,1.2885895,0.6345062,8.338593
1499000688074,1.210144,0.77178955,7.65213
1499000688081,0.9747772,0.73257446,7.5148315
1499000688100,0.58251953,0.6148834,7.7894135
1499000688121,0.24908447,0.6148834,7.926712
1499000688140,0.17063904,0.77178955,8.005157
1499000688161,0.28831482,1.0071564,8.083618
1499000688181,0.4844513,1.18367,8.1228485
1499000688201,0.7001953,1.360199,8.456268
1499000688223,0.77864075,1.4190369,8.926987
1499000688241,0.77864075,1.4582672,9.378098
1499000688263,0.79826355,1.5563354,9.476166
1499000688283,0.7590332,1.8897552,9.476166
1499000688303,0.6413574,2.1251068,9.633072
1499000688323,0.50405884,2.2427979,9.829208
1499000688345,0.3471527,2.2820282,10.280304
1499000688363,0.3667755,2.2820282,10.417603
1499000688384,1.092453,2.0270538,10.711807
1499000688404,1.4062805,1.5171051,11.378647
1499000688424,0.5432892,0.8306427,12.359314
1499000688444,-0.73158264,0.4579773,12.51622
1499000688465,-1.0061646,0.43836975,11.712082
1499000688486,-0.7707977,0.43836975,11.202133
1499000688506,-0.71195984,0.16378784,11.084457
1499000688525,-0.43737793,0.006881714,11.319809
1499000688545,0.052947998,-0.051956177,11.182526
1499000688566,0.4059906,0.026489258,10.456833
1499000688586,0.58251953,0.124557495,9.613449
1499000688620,0.6413574,0.26185608,8.789703
1499000688624,0.3667755,0.4187622,7.98555
1499000688645,0.19024658,0.55604553,7.220627
1499000688665,0.19024658,0.6345062,7.1421814
1499000688685,0.28831482,0.79141235,7.4559937
1499000688705,0.20986938,0.9875488,7.475601
1499000688731,0.092178345,1.2229004,7.377533
1499000688745,0.052947998,1.4582672,7.554062
1499000688766,-0.025497437,1.5171051,8.103226
1499000688786,-0.14317322,1.575943,9.123123
1499000688806,-0.22163391,1.575943,9.711517
1499000688828,-0.08433533,1.6347809,10.123398
1499000688848,0.28831482,1.6347809,10.43721
1499000688868,0.6413574,1.5563354,10.711807
1499000688889,0.71980286,1.4778748,11.0256195
1499000688908,0.85710144,1.360199,11.104065
1499000688928,1.4062805,1.144455,10.692184
1499000688949,1.9750519,0.65411377,10.986389
1499000688969,1.5043335,-0.012741089,12.280869
1499000688989,0.58251953,-0.65997314,13.241913
1499000689009,0.30792236,-0.8168793,12.810425
1499000689029,0.73942566,-0.5815277,11.515945
1499000689049,1.3278198,-0.15002441,10.182236
1499000689069,1.70047,0.08532715,9.378098
1499000689090,1.5631866,0.20301819,9.142731
1499000689109,1.0728455,0.18339539,9.044662
1499000689129,0.6413574,0.18339539,8.652405
1499000689150,0.68058777,0.24223328,8.103226
1499000689170,0.71980286,0.32069397,8.240524
1499000689190,0.50405884,0.4187622,8.318985
1499000689210,0.24908447,0.55604553,8.338593
1499000689263,0.17063904,0.6933441,8.417038
1499000689263,0.24908447,0.8110199,8.632797
1499000689269,0.20986938,1.1248322,8.770081
1499000689290,0.3471527,1.2621307,8.573944
1499000689311,0.44522095,1.3209686,8.809311
1499000689331,0.58251953,1.4190369,9.338867
1499000689351,0.52368164,1.5367126,9.456543
1499000689371,0.4256134,1.7328491,9.456543
1499000689392,0.5628967,1.8112946,9.69191
1499000689411,0.68058777,1.7720795,10.123398
1499000689431,0.5628967,1.5563354,10.47644
1499000689453,0.6413574,1.4974823,10.731415
1499000689471,0.58251953,1.3405762,10.927551
1499000689491,0.01373291,1.0659943,11.319809
1499000689511,-0.65312195,0.8306427,11.319809
1499000689531,-0.9080963,0.6148834,11.319809
1499000689551,-0.6923523,0.35992432,11.555176
1499000689571,-0.22163391,0.20301819,11.81015
1499000689593,0.28831482,0.24223328,11.339432
1499000689612,0.6217346,0.4776001,10.143021
1499000689637,1.0336151,0.5952759,8.868149
1499000689652,0.9747772,0.30107117,8.495499
1499000689672,0.5628967,0.006881714,8.985825
1499000689693,-0.025497437,-0.2088623,9.280029
1499000689712,-0.30007935,-0.032348633,8.73085
1499000689736,-0.14317322,0.30107117,7.8482513
1499000689752,-0.04510498,0.6933441,7.6717377
1499000689773,-0.0058898926,0.9875488,7.828644
1499000689795,0.15101624,1.144455,8.103226
1499000689815,0.4059906,1.360199,8.632797
1499000689834,0.4059906,1.4974823,8.848541
1499000689855,0.3471527,1.6543884,9.142731
1499000689875,0.44522095,1.8309174,9.554611
1499000689896,0.58251953,1.8897552,9.946884
1499000689915,0.4256134,1.7524567,10.378372
1499000689935,0.3471527,1.4190369,10.966766
1499000689956,0.32754517,1.3994293,11.633621
1499000689976,0.50405884,1.2621307,11.359039
1499000689998,0.77864075,0.79141235,11.319809
1499000690016,0.50405884,0.28146362,12.300476
1499000690036,-0.06472778,-0.18925476,12.967331
1499000690056,0.28831482,-0.30693054,12.575058
1499000690076,1.3474274,-0.032348633,11.633621
1499000690097,2.033905,0.24223328,10.829483
1499000690116,2.1123505,0.32069397,10.358765
1499000690136,1.8181458,0.3991394,9.848816
1499000690156,1.3670502,0.4776001,8.907379
1499000690177,1.1905212,0.55604553,7.828644
1499000690198,1.210144,0.4187622,7.534439
1499000690262,0.9551697,0.26185608,7.98555
1499000690262,0.5432892,0.28146362,8.338593
1499000690262,0.28831482,0.32069397,8.534729
1499000690276,0.26870728,0.536438,8.181686
1499000690297,0.3471527,0.8698578,7.593292
1499000690317,0.4844513,1.2032928,7.397156
1499000690337,0.8963318,1.3798065,7.338318
1499000690357,1.092453,1.360199,8.1228485
1499000690379,1.1120758,1.3209686,9.338867
1499000690400,0.9747772,1.4386444,9.907654
1499000690419,1.0140076,1.5563354,9.9861145
1499000690440,1.092453,1.5367126,10.299927
1499000690459,1.2493744,1.5563354,11.0256195
1499000690479,1.1709137,1.5955505,11.653244
1499000690500,1.1709137,1.4190369,11.535553
1499000690519,1.210144,1.2032928,11.496338
1499000690539,0.6021271,0.9286957,11.81015
1499000690560,-0.30007935,0.6933441,11.614014
1499000690580,-0.71195984,0.752182,11.143295
1499000690600,-0.71195984,0.8306427,10.790253
1499000690621,-0.35891724,0.71295166,10.613739
1499000690640,0.32754517,0.49720764,10.47644
1499000690660,0.79826355,0.30107117,10.47644
1499000690680,0.6217346,0.24223328,10.10379
1499000690702,0.28831482,0.3403015,9.181961
1499000690749,0.19024658,0.43836975,7.8482513
1499000690750,0.5432892,0.6737366,6.828369
1499000690759,0.68058777,0.85025024,6.573395
1499000690780,0.4844513,0.85025024,7.220627
1499000690802,0.44522095,0.8110199,7.9071045
1499000690821,0.79826355,0.967926,7.98555
1499000690842,0.8963318,1.0071564,7.9659424
1499000690862,0.4844513,0.8698578,8.142456
1499000690882,0.092178345,0.79141235,8.691635
1499000690903,0.052947998,0.8306427,9.378098
1499000690922,0.15101624,0.9875488,10.0841675
1499000690943,0.3667755,1.18367,10.574509
1499000690963,0.71980286,1.2817383,11.005997
1499000690983,0.7001953,1.3405762,11.260971
1499000691004,0.73942566,1.575943,11.241364
1499000691023,1.0140076,1.6936188,10.790253
1499000691043,1.2689819,1.7524567,10.907928
1499000691064,1.3474274,1.3013611,11.712082
1499000691083,1.3474274,0.85025024,12.339706
1499000691104,1.6612396,0.49720764,12.320084
1499000691124,1.916214,0.4187622,11.77092
1499000691144,2.033905,0.4776001,10.947159
1499000691164,1.916214,0.6148834,10.10379
1499000691184,1.6024017,0.8110199,9.260422
1499000691205,1.3474274,0.90908813,8.39743
1499000691269,1.7200928,0.967926,7.6717377
1499000691269,2.0142822,0.9875488,7.4559937
1499000691270,1.8181458,0.8110199,7.6717377
1499000691284,1.210144,0.6148834,8.240524
1499000691305,0.8178711,0.6148834,8.260132
1499000691324,0.79826355,0.71295166,7.926712
1499000691345,0.68058777,0.9286957,7.7894135
1499000691366,0.52368164,1.144455,7.7501984
1499000691385,0.5628967,1.360199,7.98555
1499000691410,0.7590332,1.5563354,8.436661
1499000691424,0.8963318,1.7720795,8.926987
1499000691445,0.71980286,1.8897552,9.456543
1499000691464,0.68058777,1.791687,10.319534
1499000691486,0.8178711,1.5171051,11.162903
1499000691509,0.9944,1.5955505,11.790527
1499000691526,1.2297516,1.6151733,11.751312
1499000691546,1.4258881,1.4974823,11.790527
1499000691567,1.3670502,1.1052246,12.0651245
1499000691587,0.71980286,0.752182,12.0651245
1499000691608,0.11180115,0.43836975,11.672852
1499000691627,-0.123565674,0.28146362,11.260971
1499000691648,0.13140869,0.124557495,10.947159
1499000691667,0.7001953,0.124557495,10.535278
1499000691688,1.1316833,0.24223328,9.888046
1499000691709,1.4062805,0.18339539,9.280029
1499000691762,1.5043335,0.065719604,8.848541
1499000691762,1.2297516,-0.07157898,8.515106
1499000691767,0.85710144,-0.15002441,8.672012
1499000691786,0.6021271,-0.13041687,8.926987
1499000691808,0.4844513,0.006881714,8.573944
1499000691827,0.44522095,0.26185608,7.98555
1499000691847,0.5432892,0.5952759,7.6129
1499000691867,0.5432892,0.79141235,7.691345
1499000691887,0.5628967,0.8894806,7.8874817
1499000691908,0.58251953,0.9483185,7.9463196
1499000691928,0.5432892,0.967926,8.318985
1499000691947,0.3667755,0.8894806,9.083893
1499000691969,0.26870728,0.85025024,9.946884
1499000691990,0.15101624,0.967926,10.417603
1499000692010,0.19024658,0.967926,10.751022
1499000692031,0.50405884,0.967926,11.339432
1499000692051,1.0140076,1.18367,11.672852
1499000692071,1.7985382,1.2621307,11.417877
1499000692091,2.1123505,0.8894806,11.555176
1499000692112,1.7789307,0.28146362,12.241638
1499000692132,1.4062805,-0.30693054,12.88887
1499000692151,1.6808624,-0.5815277,12.535843
1499000692171,2.2300262,-0.40499878,11.476715
1499000692191,2.681137,-0.012741089,10.319534
1499000692212,2.7595978,0.28146362,9.417328
1499000692250,2.5438385,0.4776001,8.652405
1499000692251,2.131958,0.51683044,8.39743
1499000692270,1.6220245,0.3403015,8.652405
1499000692292,1.1709137,0.26185608,8.9466095
1499000692312,1.0336151,0.32069397,8.750473
1499000692333,0.876709,0.536438,8.201294
1499000692353,0.7590332,0.71295166,7.691345
1499000692372,0.8374939,0.967926,7.338318
1499000692392,0.85710144,1.1640625,7.3579254
1499000692416,0.85710144,1.2425232,7.6325073
1499000692433,1.0140076,1.4582672,8.02478
1499000692453,1.1513062,1.5367126,8.417038
1499000692473,1.1120758,1.6936188,9.025055
1499000692494,0.91593933,1.8112946,9.515396
1499000692515,0.8963318,1.7720795,10.005722
1499000692534,0.9355469,1.6151733,10.496048
1499000692554,1.1905212,1.6936188,11.143295
1499000692575,1.2885895,1.7132416,11.39827
1499000692594,1.1905212,1.6151733,11.260971
1499000692615,1.0140076,1.18367,11.594406
1499000692634,0.20986938,0.71295166,12.045502
1499000692654,-0.5746765,0.26185608,12.300476
1499000692673,-0.8296356,-0.032348633,12.1828
1499000692694,-0.47660828,-0.09118652,11.672852
1499000692714,0.4256134,0.026489258,11.221741
1499000692734,1.1120758,0.32069397,10.280304
1499000692754,1.3670502,0.57566833,9.1623535
1499000692774,1.2689819,0.6148834,8.220917
1499000692793,1.0140076,0.4776001,7.7894135
1499000692815,0.71980286,0.3403015,7.9463196
1499000692834,0.44522095,0.49720764,8.260132
1499000692854,0.19024658,0.6148834,8.201294
1499000692876,0.11180115,0.6737366,8.240524
1499000692896,-0.04510498,0.65411377,8.436661
1499000692918,-0.18240356,0.71295166,8.613174
1499000692937,-0.14317322,0.90908813,8.789703
1499000692957,-0.123565674,1.1248322,8.9466095
1499000692977,0.092178345,1.3405762,9.260422
1499000692998,0.17063904,1.5563354,9.574234
1499000693018,0.30792236,1.6740112,9.927261
1499000693037,0.52368164,1.6936188,10.378372
1499000693057,0.73942566,1.6543884,10.907928
1499000693079,0.73942566,1.6543884,11.045227
1499000693098,0.9355469,1.5367126,10.829483
1499000693118,1.0728455,1.1640625,11.005997
1499000693138,1.0140076,0.536438,12.0651245
1499000693157,0.9944,-0.032348633,12.751587
1499000693178,1.7593079,-0.36576843,12.771194
1499000693198,2.4850006,-0.2284851,11.731689
1499000693258,2.955719,0.026489258,10.496048
1499000693259,3.1126251,0.22262573,9.495773
1499000693259,2.6026917,0.37953186,9.123123
1499000693277,1.9750519,0.3991394,9.005447
1499000693298,1.70047,0.43836975,8.809311
1499000693320,1.4454956,0.51683044,8.573944
1499000693341,1.0140076,0.6148834,8.475891
1499000693359,0.6217346,0.77178955,8.201294
1499000693379,0.50405884,0.90908813,7.6129
1499000693399,0.4059906,1.1640625,7.2402496
1499000693424,0.4844513,1.3798065,7.377533
1499000693440,0.73942566,1.5171051,7.8090363
1499000693460,1.092453,1.7328491,8.318985
1499000693480,1.210144,1.8309174,8.985825
1499000693500,1.1120758,1.9485931,9.397705
1499000693521,1.0336151,2.1054993,9.554611
1499000693541,1.1709137,2.1447296,9.829208
1499000693561,1.3278198,2.1054993,10.280304
1499000693581,1.3474274,2.066269,10.711807
1499000693600,1.4062805,1.9682007,10.868713
1499000693623,1.5239563,1.6543884,11.104065
1499000693642,0.8963318,1.3405762,11.457108
1499000693661,-0.16279602,1.0463867,11.260971
1499000693681,-0.8492584,0.9875488,10.849091
1499000693706,-0.51582336,0.8698578,10.672577
1499000693737,0.4648285,0.6345062,11.162903
1499000693740,0.9944,0.51683044,11.260971
1499000693761,1.0140076,0.4776001,10.456833
1499000693781,0.9355469,0.6345062,8.9466095
1499000693801,1.0728455,0.6737366,7.7305756
1499000693822,1.1709137,0.3991394,7.7305756
1499000693841,0.8963318,0.18339539,8.9466095
1499000693862,0.5432892,0.08532715,9.535004
1499000693883,0.50405884,0.4187622,8.926987
1499000693903,0.4059906,0.79141235,8.201294
1499000693924,0.32754517,1.0659943,7.926712
1499000693943,0.20986938,1.2621307,7.9463196
1499000693963,0.3471527,1.2621307,8.417038
1499000693984,0.38638306,1.3798065,8.985825
1499000694004,0.4059906,1.4778748,9.338867
1499000694024,0.68058777,1.5367126,9.476166
1499000694044,1.1513062,1.6151733,9.711517
1499000694064,1.3866577,1.575943,10.02533
1499000694085,0.9551697,1.6151733,10.358765
1499000694105,0.85710144,1.575943,10.280304
1499000694126,1.1513062,1.2817383,10.2018585
1499000694144,1.2297516,0.57566833,11.378647
1499000694165,1.1905212,-0.44422913,13.163467
1499000694185,1.4651184,-1.111084,14.281418
1499000694205,2.092743,-1.0326233,13.693024
1499000694254,2.5634613,-0.65997314,12.10434
1499000694254,2.7988129,-0.15002441,10.633347
1499000694264,2.6026917,0.18339539,9.652679
1499000694285,2.2300262,0.32069397,9.142731
1499000694306,1.8377686,0.4579773,8.652405
1499000694327,1.6024017,0.536438,7.9463196
1499000694346,1.3278198,0.6345062,7.475601
1499000694366,0.8374939,0.6933441,7.495224
1499000694387,0.4844513,0.8110199,7.554062
1499000694406,0.4844513,1.0267639,7.4559937
1499000694430,0.58251953,1.3013611,7.397156
1499000694447,0.73942566,1.5563354,7.593292
1499000694467,0.876709,1.6936188,7.8874817
1499000694488,0.9355469,1.7328491,8.495499
1499000694507,0.79826355,1.8309174,8.966217
1499000694528,0.58251953,2.066269,9.005447
1499000694548,0.5432892,2.340866,9.083893
1499000694568,0.77864075,2.3800812,9.770355
1499000694588,1.0532379,2.3604736,11.045227
1499000694608,1.2493744,2.55661,11.712082
1499000694630,1.6220245,2.55661,11.280579
1499000694648,1.8181458,2.399704,11.260971
1499000694669,1.3278198,2.1251068,11.496338
1499000694689,0.6217346,1.6936188,11.614014
1499000694709,0.11180115,1.360199,11.378647
1499000694751,0.13140869,0.967926,11.1236725
1499000694752,0.52368164,0.57566833,11.300201
1499000694768,0.9747772,0.4187622,11.1236725
1499000694788,1.2689819,0.4579773,10.339142
1499000694810,1.3082123,0.4187622,9.201569
1499000694830,1.3082123,0.35992432,8.377823
1499000694850,1.2297516,0.43836975,8.220917
1499000694870,0.91593933,0.4187622,8.39743
1499000694890,0.68058777,0.4776001,8.495499
1499000694911,0.71980286,0.77178955,8.436661
1499000694932,1.0140076,1.1248322,8.240524
1499000694951,1.2493744,1.5563354,8.1228485
1499000694971,1.1120758,1.8505249,7.9463196
1499000694990,0.8963318,2.0270538,7.9463196
1499000695011,0.4844513,1.9878235,8.201294
1499000695031,0.15101624,1.791687,8.554337
1499000695052,0.052947998,1.7132416,9.025055
1499000695072,0.4059906,1.6151733,9.456543
1499000695092,0.79826355,1.4190369,10.0841675
1499000695112,1.0140076,1.2425232,10.751022
1499000695133,0.91593933,1.3405762,11.202133
1499000695152,0.9747772,1.360199,11.005997
1499000695172,1.3474274,1.2817383,10.986389
1499000695193,1.70047,0.8306427,11.81015
1499000695213,1.7985382,0.35992432,12.55545
1499000695263,1.9946747,0.10494995,12.496613
1499000695264,2.465393,0.20301819,11.574783
1499000695271,2.739975,0.3403015,10.299927
1499000695292,2.8380432,0.43836975,9.515396
1499000695312,2.465393,0.43836975,9.456543
1499000695332,1.70047,0.37953186,9.240799
1499000695352,1.0336151,0.35992432,8.848541
1499000695372,0.8178711,0.43836975,8.338593
1499000695394,0.8963318,0.65411377,8.3582
1499000695414,0.8963318,0.752182,8.534729
1499000695435,0.52368164,0.9286957,8.417038
1499000695454,0.30792236,1.144455,8.181686
1499000695474,0.4059906,1.3798065,7.9071045
1499000695494,0.8178711,1.575943,8.201294
1499000695514,1.1905212,1.7720795,8.672012
1499000695535,1.5239563,1.8897552,8.9466095
1499000695555,1.3474274,2.1251068,8.907379
1499000695575,1.1513062,2.2624054,9.181961
1499000695595,1.0532379,2.2035675,9.750748
1499000695615,1.1709137,1.9682007,10.535278
1499000695636,1.3866577,1.9485931,11.457108
1499000695656,1.6612396,2.1054993,11.653244
1499000695675,1.6220245,2.2624054,11.182526
1499000695697,1.6220245,2.1447296,11.084457
1499000695716,1.2885895,1.9485931,11.045227
1499000695766,0.52368164,1.6151733,10.790253
1499000695766,0.01373291,1.1640625,10.829483
1499000695775,0.033340454,0.6933441,10.829483
1499000695795,0.6413574,0.37953186,11.0256195
1499000695815,1.2493744,0.26185608,10.927551
1499000695837,1.6024017,0.26185608,10.162628
1499000695857,1.5827942,0.4187622,9.338867
1499000695878,1.2297516,0.4579773,8.691635
1499000695897,0.9551697,0.32069397,8.436661
1499000695917,0.68058777,0.32069397,8.534729
1499000695939,0.5628967,0.536438,8.279755
1499000695958,0.50405884,0.79141235,7.9659424
1499000695979,0.3471527,1.0659943,7.7894135
1499000695998,0.11180115,1.2817383,7.7305756
1499000696019,0.092178345,1.4974823,7.9071045
1499000696039,0.19024658,1.5955505,8.279755
1499000696058,0.17063904,1.7132416,8.828918
1499000696079,0.24908447,1.8505249,9.221191
1499000696099,0.4844513,1.9878235,9.770355
1499000696119,0.66096497,2.0270538,10.319534
1499000696140,0.9747772,1.9682007,10.652954
1499000696159,1.2297516,1.8309174,10.868713
1499000696180,1.3082123,2.0466614,10.966766
1499000696200,1.7200928,2.1054993,10.515671
1499000696220,2.4261627,1.7720795,10.339142
1499000696263,2.7007446,1.1640625,11.260971
1499000696264,2.4457855,0.32069397,12.398544
1499000696278,2.2692566,-0.40499878,13.222305
1499000696298,2.465393,-0.6207428,12.653519
1499000696318,2.9361115,-0.503067,11.496338
1499000696341,3.3087616,-0.2088623,10.672577
1499000696360,3.1126251,-0.012741089,9.848816
1499000696379,2.5634613,0.10494995,9.436935
1499000696399,1.7789307,0.22262573,8.985825
1499000696420,1.2885895,0.37953186,8.260132
1499000696440,0.9747772,0.6737366,7.7305756
1499000696460,0.8178711,0.85025024,7.475601
1499000696480,0.6217346,0.9483185,7.27948
1499000696500,0.6021271,1.2032928,7.102951
1499000696520,1.092453,1.4386444,7.0245056
1499000696542,1.484726,1.6936188,7.318695
1499000696562,1.6024017,1.8701477,7.926712
1499000696583,1.5827942,1.9485931,8.377823
1499000696602,1.5827942,2.1643372,8.632797
1499000696622,1.5435638,2.3604736,8.691635
1499000696643,1.6808624,2.4781494,8.789703
1499000696662,1.9358368,2.2820282,9.436935
1499000696683,1.7200928,2.0270538,10.378372
1499000696703,0.876709,2.0270538,10.652954
1499000696782,0.4256134,1.8897552,10.731415
1499000696782,1.0336151,1.4582672,11.594406
1499000696782,1.6220245,0.8110199,12.594681
1499000696783,1.70047,0.32069397,13.320374
1499000696802,2.1711884,-0.012741089,13.614563
1499000696824,3.0537872,-0.32655334,13.359589
1499000696844,3.7402496,-0.6403656,12.986938
1499000696864,3.7402496,-0.8168793,12.418152
1499000696884,3.3675995,-0.6403656,11.300201
1499000696904,2.9753418,-0.42462158,9.966492
1499000696924,2.7007446,-0.16964722,9.005447
1499000696946,2.2888641,-0.110809326,8.436661
1499000696965,1.9750519,-0.18925476,8.02478
1499000696985,1.6612396,-0.18925476,7.828644
1499000697005,1.2885895,-0.110809326,7.7894135
1499000697025,0.9551697,-0.032348633,7.926712
1499000697046,0.9355469,-0.051956177,8.1228485
1499000697065,0.876709,-0.051956177,8.39743
1499000697085,0.6021271,-0.16964722,8.691635
1499000697106,0.44522095,-0.24809265,8.809311
1499000697126,0.17063904,-0.40499878,8.828918
1499000697147,-0.08433533,-0.46383667,9.005447
1499000697166,-0.37854004,-0.032348633,9.142731
1499000697186,-0.14317322,0.5952759,8.966217
1499000697206,0.7590332,0.8894806,9.515396
1499000697258,1.3866577,0.6148834,10.515671
1499000697258,1.6416321,-0.09118652,11.359039
1499000697265,2.1515808,-0.6403656,12.457382
1499000697286,2.9361115,-0.65997314,13.594955
1499000697306,4.171753,0.006881714,13.398819
1499000697326,4.7209167,0.49720764,11.986664
1499000697349,4.5640106,0.49720764,10.574509
1499000697368,3.8579407,0.16378784,9.69191
1499000697388,2.916504,-0.30693054,9.123123
1499000697408,2.1515808,-0.6795807,8.613174
1499000697428,1.5239563,-0.99339294,8.573944
1499000697449,1.1513062,-1.1699219,8.711243
1499000697469,0.8178711,-1.1306915,8.789703
1499000697488,0.6217346,-0.93455505,8.789703
1499000697508,0.8178711,-0.52267456,8.887756
1499000697529,1.092453,-0.110809326,9.025055
1499000697550,1.2297516,0.22262573,9.103516
1499000697569,1.1905212,0.35992432,9.338867
1499000697589,1.0140076,0.536438,9.515396
1499000697609,0.8963318,0.8894806,9.280029
1499000697629,0.8963318,1.3013611,9.103516
1499000697650,0.91593933,1.575943,9.593842
1499000697670,0.66096497,1.791687,9.966492
1499000697690,0.32754517,1.9485931,9.9861145
1499000697710,0.052947998,2.1054993,10.06456
1499000697765,-0.16279602,2.066269,10.574509
1499000697766,-0.45698547,2.1054993,10.888321
1499000697770,-0.65312195,2.2624054,10.751022
1499000697789,-0.43737793,2.3604736,10.43721
1499000697809,-0.35891724,2.2624054,10.496048
1499000697829,-0.73158264,1.8701477,10.672577
1499000697850,-1.08461,1.4190369,11.005997
1499000697869,-1.2807465,1.1052246,11.0256195
1499000697889,-1.0650024,1.1640625,10.613739
1499000697911,-0.71195984,1.4974823,9.9861145
1499000697931,-0.2804718,1.7524567,9.417328
1499000697952,0.17063904,1.7524567,9.1623535
1499000697971,0.3471527,1.5367126,9.280029
1499000697992,0.092178345,1.2229004,9.515396
1499000698012,-0.37854004,1.1248322,9.31926
1499000698033,-0.6727295,1.2229004,8.672012
1499000698053,-0.6923523,1.4974823,8.1228485
1499000698073,-0.65312195,1.7132416,7.9659424
1499000698093,-0.6138916,1.8309174,8.02478
1499000698113,-0.49621582,1.9878235,8.044388
1499000698133,-0.35891724,2.18396,8.044388
1499000698154,-0.30007935,2.2820282,8.162064
1499000698173,-0.24124146,2.4389343,8.456268
1499000698194,-0.22163391,2.4781494,8.848541
1499000698214,-0.14317322,2.399704,9.554611
1499000698284,-0.10395813,2.2624054,10.378372
1499000698284,-0.26086426,2.3016357,10.692184
1499000698285,-0.31970215,2.4389343,10.613739
1499000698292,-0.22163391,2.5762177,10.80986
1499000698313,0.052947998,2.4781494,11.162903
1499000698334,0.38638306,2.2427979,11.614014
1499000698354,0.66096497,2.1447296,11.751312
1499000698373,0.9747772,2.0466614,11.339432
1499000698393,1.3278198,1.6543884,11.221741
1499000698415,1.3670502,1.1248322,11.378647
1499000698435,1.2493744,0.55604553,11.515945
1499000698456,1.3082123,0.16378784,11.339432
1499000698476,1.484726,-0.07157898,10.751022
1499000698495,1.5827942,-0.24809265,10.182236
1499000698516,1.6024017,-0.3461609,9.69191
1499000698536,1.4258881,-0.287323,9.31926
1499000698557,1.1905212,-0.07157898,8.966217
1499000698576,1.092453,0.26185608,8.318985
1499000698596,1.0336151,0.536438,7.867874
1499000698616,0.77864075,0.752182,7.691345
1499000698637,0.4844513,0.90908813,7.710968
1499000698657,0.38638306,1.0659943,7.691345
1499000698677,0.4844513,1.2817383,7.691345
1499000698697,0.5432892,1.5171051,7.6717377
1499000698721,0.6217346,1.6740112,7.98555
1499000698772,0.73942566,1.6543884,8.515106
1499000698773,0.876709,1.5955505,9.240799
1499000698775,0.8963318,1.6151733,9.711517
1499000698796,0.6021271,1.8112946,10.044952
1499000698816,0.50405884,1.9682007,10.221466
1499000698836,0.5432892,2.007431,10.652954
1499000698857,0.7001953,1.9289856,11.515945
1499000698876,1.1709137,1.9289856,11.476715
1499000698896,1.7789307,1.9485931,11.162903
1499000698916,1.6024017,1.6740112,11.633621
1499000698937,0.5628967,1.1248322,12.222031
1499000698958,-0.24124146,0.65411377,12.320084
1499000698977,-0.47660828,0.37953186,12.1828
1499000698997,-0.18240356,0.18339539,12.006271
1499000699017,0.26870728,0.14416504,11.515945
1499000699037,0.66096497,0.28146362,10.535278
1499000699060,1.0140076,0.49720764,9.240799
1499000699078,1.1709137,0.55604553,8.39743
1499000699098,0.876709,0.32069397,8.534729
1499000699119,0.28831482,0.16378784,8.907379
1499000699140,-0.10395813,0.3403015,8.554337
1499000699160,-0.0058898926,0.752182,7.7305756
1499000699178,0.17063904,1.144455,7.1421814
1499000699200,0.20986938,1.3405762,7.161789
1499000699218,0.092178345,1.4778748,7.554062
1499000699241,-0.0058898926,1.5955505,8.044388
1499000699260,-0.04510498,1.6543884,8.377823
1499000699280,0.092178345,1.8701477,8.632797
1499000699299,0.20986938,2.0858917,8.848541
1499000699319,0.22947693,2.3604736,9.103516
1499000699340,0.44522095,2.4585419,9.554611
1499000699361,0.7001953,2.2624054,10.260696
1499000699380,0.71980286,1.9682007,11.143295
1499000699400,0.22947693,2.0270538,11.574783
1499000699420,0.24908447,1.9682007,10.966766
1499000699440,0.68058777,1.5171051,11.064835
1499000699461,1.210144,0.6737366,12.398544
1499000699480,1.6024017,-0.2088623,14.065674
1499000699500,2.092743,-0.3461609,13.732254
1499000699522,2.7007446,0.006881714,12.025894
1499000699541,3.4460602,0.51683044,10.397995
1499000699562,3.4656677,0.6345062,9.69191
1499000699583,2.6615295,0.57566833,9.417328
1499000699603,1.70047,0.43836975,8.926987
1499000699623,1.1316833,0.4187622,8.181686
1499000699644,1.1905212,0.536438,7.397156
1499000699664,1.5043335,0.6345062,7.044113
1499000699684,1.3866577,0.752182,7.044113
1499000699704,1.1316833,0.9875488,6.8479767
1499000699724,0.77864075,1.2032928,6.6322327
1499000699759,0.91593933,1.2817383,6.7106934
1499000699765,0.9355469,1.4386444,7.27948
1499000699783,1.0532379,1.5955505,7.4559937
1499000699803,1.3866577,1.8701477,8.299362
1499000699824,1.1709137,2.0858917,9.025055
1499000699843,0.8963318,2.340866,9.280029
1499000699864,0.91593933,2.399704,9.73114
1499000699883,1.0140076,2.2820282,10.633347
1499000699904,0.91593933,2.18396,11.319809
1499000699927,0.8178711,2.2624054,11.535553
1499000699946,1.1905212,2.223175,11.300201
1499000699967,1.6612396,2.007431,11.692459
1499000699986,1.2493744,1.3798065,12.339706
1499000700008,0.30792236,0.90908813,12.47699
1499000700026,-0.16279602,0.6148834,11.927826
1499000700044,0.15101624,0.32069397,11.476715
1499000700065,0.8374939,-0.07157898,10.947159
1499000700085,1.2885895,-0.13041687,10.123398
1499000700106,1.5435638,-0.09118652,9.31926
1499000700126,1.3082123,-0.13041687,8.672012
1499000700147,0.9944,-0.18925476,8.554337
1499000700168,0.8178711,-0.032348633,8.39743
1499000700188,0.9944,0.32069397,7.8874817
1499000700208,1.1120758,0.79141235,7.3579254
1499000700302,0.91593933,0.9875488,7.2402496
1499000700303,0.68058777,1.0659943,7.3579254
1499000700304,0.4648285,1.0463867,7.8090363
1499000700305,0.44522095,1.2425232,8.240524
1499000700307,0.58251953,1.5955505,8.613174
1499000700326,0.58251953,2.0466614,9.044662
1499000700348,0.6021271,2.3604736,9.201569
1499000700368,0.8374939,2.55661,9.593842
1499000700387,0.9355469,2.4193115,10.0841675
1499000700407,0.9551697,1.9485931,10.927551
1499000700427,0.77864075,1.9878235,11.496338
1499000700448,1.1120758,2.007431,10.849091
1499000700473,1.6220245,1.6347809,10.633347
1499000700492,1.5043335,0.57566833,12.202408
1499000700508,0.79826355,-0.6403656,14.0264435
1499000700528,0.66096497,-1.2875977,14.379486
1499000700565,1.3670502,-1.111084,12.849655
1499000700569,2.1515808,-0.6795807,11.045227
1499000700588,2.7792053,-0.30693054,9.31926
1499000700608,2.7988129,-0.16964722,8.534729
1499000700629,2.2300262,-0.16964722,8.613174
1499000700649,1.6220245,-0.26771545,8.985825
1499000700669,1.484726,-0.2088623,9.064285
1499000700689,1.2493744,-0.032348633,8.868149
1499000700710,0.9747772,0.35992432,8.240524
1499000700734,0.77864075,0.73257446,7.475601
1499000700750,0.8374939,1.0856171,7.0833435
1499000700771,0.91593933,1.360199,7.102951
1499000700790,1.0336151,1.5367126,7.4167633
1499000700810,1.1905212,1.7132416,7.6717377
1499000700830,1.3670502,1.8505249,8.02478
1499000700851,1.3670502,2.007431,8.515106
1499000700878,1.1905212,2.0466614,9.280029
1499000700892,1.1513062,2.1643372,9.829208
1499000700912,1.5239563,2.2035675,10.397995
1499000700933,1.8966064,2.223175,11.0256195
1499000700953,2.0535126,2.1054993,11.260971
1499000700975,1.7985382,2.340866,11.104065
1499000700993,1.4651184,2.3604736,10.888321
1499000701013,1.7593079,2.0466614,11.241364
1499000701033,1.3866577,1.4582672,11.731689
1499000701052,0.58251953,0.9875488,11.476715
1499000701072,0.20986938,0.4579773,11.202133
1499000701092,0.3667755,-0.012741089,11.535553
1499000701114,0.8374939,-0.3461609,12.123962
1499000701134,1.2297516,-0.503067,12.0651245
1499000701154,1.5239563,-0.30693054,11.104065
1499000701175,1.6220245,0.006881714,9.927261
1499000701194,1.6416321,0.28146362,8.750473
1499000701214,1.70047,0.536438,7.7305756
1499000701254,1.6024017,0.6148834,7.65213
1499000701255,1.3866577,0.65411377,7.828644
1499000701274,1.092453,0.77178955,7.554062
1499000701294,0.85710144,0.9483185,7.3579254
1499000701314,0.7001953,1.144455,7.338318
1499000701334,0.8178711,1.2817383,7.554062
1499000701354,0.9944,1.3405762,8.064011
1499000701376,0.9355469,1.3798065,8.593567
1499000701396,0.6021271,1.5171051,8.907379
1499000701416,0.7001953,1.7328491,9.025055
1499000701436,1.1709137,1.8701477,9.181961
1499000701456,1.7200928,1.8897552,9.711517
1499000701477,1.6220245,2.007431,10.0841675
1499000701496,1.6024017,2.1447296,9.69191
1499000701516,2.2300262,1.9682007,9.260422
1499000701538,2.4850006,1.1640625,10.652954
1499000701557,2.0142822,-0.07157898,13.143845
1499000701578,1.3474274,-1.1306915,14.909042
1499000701597,1.7200928,-1.2483673,14.497162
1499000701617,2.896881,-0.8168793,12.751587
1499000701638,3.8971558,-0.24809265,11.515945
1499000701657,4.112915,-0.051956177,11.045227
1499000701678,3.7991028,-0.032348633,10.594116
1499000701698,3.3087616,0.006881714,9.789978
1499000701718,2.896881,0.14416504,8.887756
1499000701770,2.6615295,0.4776001,7.9071045
1499000701771,2.4065552,0.6737366,7.318695
1499000701778,1.8573761,0.752182,6.9852753
1499000701797,1.210144,0.8110199,6.7499084
1499000701817,0.8178711,0.90908813,6.573395
1499000701837,0.5628967,1.1248322,6.6322327
1499000701858,0.24908447,1.360199,6.6910706
1499000701878,-0.06472778,1.6347809,6.5930023
1499000701898,-0.04510498,1.9093628,6.7499084
1499000701919,0.4648285,2.2624054,7.593292
1499000701939,0.85710144,2.4781494,8.475891
1499000701960,0.91593933,2.6350555,9.221191
1499000701981,0.9355469,2.4977722,10.044952
1499000702000,1.0336151,2.2427979,11.104065
1499000702021,1.1709137,2.1447296,12.025894
1499000702042,1.1513062,2.3212433,12.045502
1499000702061,0.9747772,2.1251068,12.300476
1499000702082,0.73942566,1.4386444,13.143845
1499000702100,0.5432892,0.73257446,13.575348
1499000702121,0.6413574,0.4187622,13.065399
1499000702141,0.58251953,0.26185608,11.986664
1499000702162,0.5628967,0.20301819,11.045227
1499000702182,0.71980286,0.16378784,10.260696
1499000702202,0.9944,-0.13041687,10.574509
1499000702221,1.0532379,-0.24809265,10.652954
1499000702260,1.0140076,-0.110809326,9.9861145
1499000702260,0.85710144,0.18339539,9.103516
1499000702281,0.7590332,0.536438,8.417038
1499000702302,0.7001953,0.8306427,7.7894135
1499000702322,0.68058777,1.144455,7.161789
1499000702342,0.73942566,1.3013611,6.9852753
1499000702363,0.79826355,1.2425232,7.475601
1499000702383,0.6217346,1.2229004,8.005157
1499000702403,0.3471527,1.2817383,8.201294
1499000702423,0.19024658,1.2817383,8.632797
1499000702443,0.052947998,1.2425232,9.35849
1499000702463,-0.20201111,1.2621307,9.750748
1499000702484,-0.2804718,1.360199,9.966492
1499000702504,-0.26086426,1.5171051,10.123398
1499000702524,-0.025497437,1.7132416,10.280304
1499000702544,0.11180115,1.8897552,10.358765
1499000702564,0.15101624,1.8505249,10.80986
1499000702586,-0.025497437,1.9093628,11.202133
1499000702605,0.32754517,1.8897552,11.084457
1499000702625,0.79826355,1.7720795,10.868713
1499000702645,1.0336151,1.2817383,11.574783
1499000702665,1.0140076,0.5952759,12.47699
1499000702685,1.3278198,0.18339539,12.575058
1499000702706,2.0535126,0.10494995,11.672852
1499000702750,2.5438385,0.18339539,10.888321
1499000702750,2.7595978,0.22262573,10.358765
1499000702764,2.5438385,0.16378784,10.123398
1499000702785,2.0535126,0.124557495,9.69191
1499000702805,1.8181458,0.20301819,8.907379
1499000702826,1.5239563,0.4187622,7.867874
1499000702846,1.0728455,0.6148834,7.2010193
1499000702866,0.7590332,0.71295166,7.220627
1499000702886,0.58251953,0.9286957,7.2010193
1499000702906,0.4648285,1.18367,6.9264374
1499000702927,0.4648285,1.4386444,6.7106934
1499000702947,0.6021271,1.6151733,6.9852753
1499000702967,0.8374939,1.5955505,7.926712
1499000702988,0.876709,1.4190369,8.868149
1499000703007,0.8178711,1.3798065,9.397705
1499000703027,0.7001953,1.575943,9.436935
1499000703048,0.71980286,1.8701477,9.378098
1499000703068,0.876709,2.0858917,9.593842
1499000703088,1.5043335,2.0858917,10.299927
1499000703108,2.0535126,2.1447296,11.143295
1499000703128,2.131958,2.2624054,11.359039
1499000703150,2.308487,2.3800812,11.005997
1499000703169,2.524231,2.066269,11.221741
1499000703189,1.70047,1.360199,11.81015
1499000703208,0.30792236,0.6737366,12.300476
1499000703279,-0.53544617,0.37953186,11.535553
1499000703279,-0.5746765,0.35992432,10.711807
1499000703279,-0.24124146,0.35992432,10.06456
1499000703288,0.052947998,0.16378784,10.0841675
1499000703308,0.3667755,0.026489258,10.535278
1499000703328,0.52368164,-0.051956177,10.554901
1499000703348,0.4648285,0.04611206,10.02533
1499000703369,0.5628967,0.35992432,9.025055
1499000703389,0.8178711,0.752182,8.377823
1499000703408,0.79826355,1.0267639,8.240524
1499000703429,0.68058777,1.2032928,8.3582
1499000703450,0.5432892,1.2229004,8.064011
1499000703469,0.50405884,1.2425232,7.7894135
1499000703489,0.3667755,1.1640625,7.8874817
1499000703509,0.30792236,1.0659943,8.181686
1499000703529,0.22947693,0.9875488,8.573944
1499000703550,0.17063904,0.9286957,9.280029
1499000703570,-0.06472778,1.0463867,9.515396
1499000703591,0.092178345,1.3013611,9.593842
1499000703610,0.52368164,1.5367126,9.789978
1499000703630,1.0336151,1.6740112,10.0841675
1499000703651,1.1905212,1.8701477,10.260696
1499000703671,1.3082123,2.066269,9.868423
1499000703692,1.7593079,2.007431,9.083893
1499000703711,2.4457855,1.5171051,9.633072
1499000703751,2.2888641,0.43836975,11.339432
1499000703752,1.5043335,-0.65997314,13.281143
1499000703772,1.4258881,-0.99339294,13.594955
1499000703792,2.2888641,-0.8168793,12.437775
1499000703812,3.5833435,-0.3461609,11.260971
1499000703832,4.2894287,-0.15002441,10.594116
1499000703852,4.210968,-0.15002441,10.43721
1499000703872,3.6029663,-0.2088623,10.280304
1499000703893,2.739975,-0.15002441,9.593842
1499000703912,2.1711884,0.065719604,8.39743
1499000703933,1.916214,0.37953186,7.3579254
1499000703953,1.6220245,0.57566833,6.730301
1499000703974,1.2689819,0.57566833,6.8479767
1499000703995,0.9551697,0.49720764,7.2010193
1499000704014,0.876709,0.55604553,7.5148315
1499000704035,0.8963318,0.6148834,7.9463196
1499000704055,0.9551697,0.8110199,8.299362
1499000704075,1.0728455,0.967926,8.809311
1499000704096,1.0140076,1.0659943,9.260422
1499000704115,1.092453,1.3013611,9.652679
1499000704135,1.2689819,1.4974823,9.927261
1499000704156,1.5827942,1.5171051,10.241074
1499000704176,1.6416321,1.5955505,10.731415
1499000704197,1.5827942,1.8897552,10.397995
1499000704215,1.8966064,1.6740112,10.280304
1499000704255,2.0142822,1.0071564,11.457108
1499000704256,1.1316833,0.26185608,12.575058
1499000704274,0.32754517,-0.051956177,12.712357
1499000704295,0.28831482,0.124557495,12.006271
1499000704316,1.4454956,0.4579773,11.182526
1499000704336,2.6419067,0.4776001,11.005997
1499000704357,2.896881,0.35992432,10.849091
1499000704377,2.5046234,0.35992432,10.554901
1499000704398,1.8966064,0.4579773,9.750748
1499000704417,1.3866577,0.6737366,8.789703
1499000704438,1.0336151,0.8306427,8.103226
1499000704457,0.7590332,0.8698578,7.8874817
1499000704478,0.5432892,0.9286957,7.769806
1499000704498,0.3471527,0.9875488,7.867874
1499000704518,0.3471527,1.0856171,8.3582
1499000704539,0.22947693,1.18367,8.828918
1499000704558,0.0725708,1.2817383,9.1623535
1499000704578,0.17063904,1.360199,9.378098
1499000704599,0.17063904,1.3798065,9.711517
1499000704619,0.22947693,1.360199,10.241074
1499000704639,0.38638306,1.3994293,10.358765
1499000704659,0.4059906,1.4386444,10.241074
1499000704679,0.52368164,1.5171051,10.0841675
1499000704700,0.5628967,1.5955505,9.927261
1499000704719,1.0532379,1.3209686,9.73114
1499000704769,1.3670502,0.752182,10.339142
1499000704769,1.3082123,-0.110809326,11.653244
1499000704778,0.9551697,-0.7972717,13.1046295
1499000704799,0.9747772,-0.73843384,12.947723
1499000704820,1.6416321,-0.2284851,11.555176
1499000704838,2.8380432,0.28146362,10.47644
1499000704858,3.6029663,0.4776001,10.005722
1499000704879,3.504898,0.37953186,9.907654
1499000704901,3.0341797,0.32069397,9.652679
1499000704921,2.5046234,0.4776001,8.789703
1499000704941,2.249649,0.55604553,7.9659424
1499000704961,2.1908112,0.6148834,7.7894135
1499000704981,1.7200928,0.536438,8.181686
1499000705002,1.2493744,0.5952759,8.083618
1499000705021,1.1120758,0.9483185,7.554062
1499000705041,1.0140076,1.3994293,7.220627
1499000705061,0.9355469,1.8505249,7.1814117
1499000705082,0.7590332,2.1643372,7.377533
1499000705102,0.68058777,2.4585419,7.828644
1499000705122,0.6021271,2.7135162,8.456268
1499000705142,0.52368164,2.9096527,9.044662
1499000705162,0.3667755,3.046936,9.31926
1499000705182,0.19024658,3.0861664,9.927261
1499000705203,0.26870728,3.1253967,10.378372
1499000705223,0.5628967,3.26268,10.751022
1499000705274,0.79826355,3.380371,11.104065
1499000705275,1.3082123,3.0273285,11.476715
1499000705283,1.5827942,1.9878235,12.731964
1499000705304,1.092453,0.9875488,13.869537
1499000705323,0.32754517,0.49720764,13.085007
1499000705343,-0.06472778,0.4187622,11.77092
1499000705363,0.033340454,0.51683044,10.927551
1499000705384,0.44522095,0.6345062,10.417603
1499000705405,0.8963318,0.6345062,10.02533
1499000705424,1.4258881,0.65411377,9.789978
1499000705444,1.5043335,0.57566833,9.574234
1499000705464,1.0728455,0.37953186,9.005447
1499000705485,0.66096497,0.35992432,8.3582
1499000705505,0.30792236,0.4579773,7.7501984
1499000705525,0.24908447,0.77178955,7.1814117
1499000705545,0.44522095,1.0267639,6.7695313
1499000705565,0.6413574,1.3209686,6.887207
1499000705585,0.4844513,1.3405762,7.2990875
1499000705607,0.20986938,1.3013611,7.7305756
1499000705626,-0.04510498,1.3798065,8.201294
1499000705646,-0.10395813,1.575943,8.593567
1499000705666,-0.06472778,1.9093628,8.985825
1499000705686,-0.08433533,2.1251068,9.495773
1499000705706,-0.26086426,2.2820282,10.044952
1499000705726,-0.31970215,2.4781494,10.47644
1499000705768,-0.0058898926,2.6350555,10.770645
1499000705768,0.68058777,2.5958405,11.182526
1499000705785,1.1316833,2.2820282,11.947433
1499000705806,1.3278198,2.007431,11.829758
1499000705827,1.8966064,1.5955505,11.437485
1499000705847,2.07312,1.0463867,11.927826
1499000705867,1.5631866,0.43836975,12.692749
1499000705888,1.3474274,0.124557495,12.692749
1499000705908,1.5631866,0.28146362,11.594406
1499000705928,1.7789307,0.43836975,10.378372
1499000705948,2.1908112,0.6148834,9.397705
1499000705968,2.308487,0.55604553,8.985825
1499000705988,2.131958,0.51683044,8.750473
1499000706009,1.7593079,0.5952759,8.377823
1499000706029,1.5631866,0.752182,7.7501984
1499000706048,1.5631866,0.85025024,7.495224
1499000706069,1.1316833,0.8306427,7.769806
1499000706089,0.68058777,0.8110199,8.456268
1499000706109,0.4059906,0.8698578,8.652405
1499000706129,0.4648285,1.18367,8.162064
1499000706151,0.79826355,1.6151733,7.9071045
1499000706171,1.1120758,1.8701477,8.005157
1499000706188,1.2493744,2.066269,8.260132
1499000706209,1.3474274,2.066269,8.554337
1499000706241,1.3670502,2.1251068,9.005447
1499000706248,1.0532379,2.340866,9.260422
1499000706268,0.79826355,2.4977722,9.535004
1499000706289,0.8178711,2.4977722,9.966492
1499000706312,1.0532379,2.3800812,10.672577
1499000706330,1.2493744,2.340866,11.339432
1499000706350,1.4454956,2.3800812,11.437485
1499000706371,1.3866577,2.4389343,11.104065
1499000706391,1.4651184,2.2035675,11.260971
1499000706412,0.9944,1.8505249,11.476715
1499000706431,0.24908447,1.5171051,11.260971
1499000706452,-0.30007935,1.18367,11.064835
1499000706472,-0.30007935,0.85025024,11.143295
1499000706492,0.22947693,0.57566833,11.280579
1499000706515,0.7590332,0.43836975,11.045227
1499000706530,0.9944,0.536438,10.299927
1499000706550,1.0336151,0.5952759,9.280029
1499000706571,0.876709,0.6737366,8.338593
1499000706593,0.71980286,0.6737366,7.495224
1499000706613,0.4648285,0.55604553,7.495224
1499000706633,0.3667755,0.57566833,7.7305756
1499000706653,0.26870728,0.8110199,7.769806
1499000706673,0.20986938,0.9875488,7.710968
1499000706693,0.15101624,1.1052246,7.8874817
1499000706713,0.15101624,1.2817383,8.260132
1499000706759,0.3471527,1.4582672,8.613174
1499000706759,0.26870728,1.7132416,9.142731
1499000706773,0.033340454,2.066269,9.299637
1499000706792,0.0725708,2.2427979,9.613449
1499000706813,0.32754517,2.3604736,10.182236
1499000706833,0.4648285,2.2624054,10.731415
1499000706853,0.4844513,2.2624054,11.162903
1499000706873,0.8374939,2.3212433,10.692184
1499000706893,1.6808624,2.0270538,10.47644
1499000706915,1.8966064,1.0463867,11.81015
1499000706935,1.0532379,-0.2284851,13.928375
1499000706955,0.73942566,-0.89533997,14.810974
1499000706975,1.6024017,-0.5815277,13.241913
1499000706995,2.7595978,0.20301819,10.927551
1499000707016,3.3087616,0.73257446,9.1623535
1499000707035,3.0537872,0.8306427,8.299362
1499000707056,2.3477173,0.77178955,8.220917
1499000707076,1.70047,0.6345062,8.005157
1499000707096,1.4454956,0.6148834,7.6717377
1499000707117,1.5827942,0.73257446,7.769806
1499000707136,1.3082123,0.8110199,7.8874817
1499000707156,0.8374939,0.9875488,7.6717377
1499000707177,0.5628967,1.0659943,7.5148315
1499000707196,0.4844513,1.1052246,7.6717377
1499000707218,0.71980286,1.2621307,8.1228485
1499000707270,1.0140076,1.4386444,8.436661
1499000707270,1.1709137,1.7132416,8.652405
1499000707276,1.1709137,1.8309174,8.868149
1499000707297,0.9747772,2.1251068,9.123123
1499000707319,0.85710144,2.2624054,9.554611
1499000707338,1.0140076,2.1643372,10.378372
1499000707358,1.3278198,2.1643372,11.241364
1499000707380,1.3670502,2.3212433,11.614014
1499000707399,1.4062805,2.3800812,11.417877
1499000707419,1.4454956,2.1251068,11.829758
1499000707439,1.1120758,1.7524567,12.10434
1499000707458,0.28831482,1.360199,11.77092
1499000707479,-0.45698547,1.1052246,11.143295
1499000707499,-0.5550537,0.77178955,11.064835
1499000707520,0.052947998,0.32069397,11.280579
1499000707539,0.6413574,0.026489258,11.260971
1499000707560,0.85710144,-0.09118652,9.789978
1499000707579,1.0532379,0.006881714,8.593567
1499000707600,1.1316833,0.14416504,7.7894135
1499000707618,1.0336151,0.24223328,7.710968
1499000707638,0.73942566,0.3403015,7.828644
1499000707658,0.52368164,0.43836975,7.7501984
1499000707679,0.5432892,0.6737366,7.3579254
1499000707698,0.66096497,0.9286957,7.377533
1499000707719,0.8178711,1.0659943,7.710968
1499000707740,0.71980286,1.1052246,8.39743
1499000707759,0.6217346,1.1248322,8.966217
1499000707779,0.68058777,1.4190369,9.280029
1499000707799,0.79826355,1.7524567,9.397705
1499000707820,1.1709137,1.9289856,9.750748
1499000707846,1.5239563,2.007431,10.0841675
1499000707860,1.6416321,1.8505249,10.43721
1499000707880,1.4454956,1.8897552,10.594116
1499000707900,1.5239563,1.9682007,10.260696
1499000707921,2.033905,1.7524567,10.0841675
1499000707940,2.3869324,1.1052246,11.300201
1499000707960,2.131958,0.30107117,12.751587
1499000707981,1.9946747,-0.09118652,13.143845
1499000708001,2.2888641,0.006881714,12.045502
1499000708023,2.8576508,0.28146362,10.80986
1499000708042,3.132248,0.3991394,9.888046
1499000708063,2.8576508,0.4187622,9.31926
1499000708082,2.2692566,0.30107117,9.005447
1499000708103,1.7397003,0.24223328,8.691635
1499000708123,1.5043335,0.35992432,8.456268
1499000708143,1.1709137,0.536438,8.181686
1499000708163,0.91593933,0.79141235,7.691345
1499000708183,0.77864075,1.1248322,7.377533
1499000708203,0.71980286,1.4386444,7.122574
1499000708225,0.7001953,1.6740112,7.1421814
1499000708272,0.9551697,1.8505249,7.554062
1499000708272,1.2885895,1.8897552,8.142456
1499000708282,1.5043335,1.791687,8.966217
1499000708303,1.4454956,1.8701477,9.750748
1499000708323,1.2493744,1.9485931,10.2018585
1499000708344,1.1905212,1.9682007,10.456833
1499000708364,1.5631866,1.9878235,10.80986
1499000708385,1.7789307,1.9485931,11.162903
1499000708403,2.0142822,2.007431,11.221741
1499000708424,1.8769989,2.0858917,10.731415
1499000708445,1.9554443,1.8897552,10.515671
1499000708466,1.8377686,1.4974823,11.221741
1499000708486,0.9747772,0.8894806,11.849365
1499000708506,0.11180115,0.43836975,11.712082
1499000708526,0.0725708,0.4187622,11.280579
1499000708546,0.6021271,0.3991394,10.927551
1499000708566,1.1513062,0.32069397,10.888321
1499000708586,1.6220245,0.18339539,10.868713
1499000708606,1.7789307,0.10494995,10.80986
1499000708628,1.5631866,0.026489258,10.378372
1499000708647,1.2297516,0.04611206,9.633072
1499000708667,1.1120758,0.20301819,8.828918
1499000708687,1.1513062,0.49720764,8.220917
1499000708708,1.1120758,0.752182,7.867874
1499000708728,1.0728455,1.0856171,7.593292
1499000708759,0.9355469,1.2032928,7.534439
1499000708766,0.79826355,1.1248322,7.7501984
1499000708786,0.68058777,1.0267639,8.240524
1499000708808,0.58251953,1.1052246,8.436661
1499000708827,0.38638306,1.4190369,8.260132
1499000708847,0.26870728,1.791687,8.162064
1499000708867,0.44522095,2.066269,8.201294
1499000708888,0.5628967,2.18396,8.711243
1499000708909,0.77864075,2.0270538,9.221191
1499000708929,1.1120758,1.7132416,9.809586
1499000708949,1.3082123,2.007431,10.06456
1499000708969,1.3082123,2.4781494,9.711517
1499000708990,2.1515808,2.4193115,9.201569
1499000709009,2.9361115,1.4974823,10.456833
1499000709030,2.8184357,0.08532715,12.928101
1499000709049,2.131958,-0.99339294,14.673691
1499000709069,1.8573761,-0.7580414,13.536118
1499000709090,2.3673248,-0.110809326,11.614014
1499000709110,3.132248,0.4579773,10.613739
1499000709130,3.504898,0.6148834,10.613739
1499000709150,3.171463,0.536438,10.986389
1499000709170,2.4065552,0.43836975,11.104065
1499000709191,1.70047,0.4776001,10.80986
1499000709211,1.210144,0.6148834,10.378372
1499000709231,1.0728455,0.9286957,9.554611
1499000709257,0.9747772,1.2817383,8.828918
1499000709270,0.85710144,1.4582672,8.436661
1499000709290,0.77864075,1.6543884,8.456268
1499000709310,0.6413574,1.6936188,8.750473
1499000709331,0.71980286,1.8505249,8.868149
1499000709350,1.092453,2.007431,8.770081
1499000709370,1.4651184,1.9485931,8.926987
1499000709392,1.5631866,1.8505249,9.1623535
1499000709412,1.3278198,1.5955505,9.31926
1499000709433,1.2297516,1.3994293,9.378098
1499000709452,1.4651184,1.3013611,9.299637
1499000709472,1.7397003,1.1640625,9.378098
1499000709492,1.8769989,1.2425232,9.456543
1499000709513,1.484726,1.144455,9.946884
1499000709533,1.0532379,1.18367,10.06456
1499000709554,0.9747772,1.3798065,9.554611
1499000709574,1.3082123,1.6543884,8.966217
1499000709595,1.7985382,1.9289856,8.9466095
1499000709614,1.9554443,2.0270538,9.005447
1499000709635,1.8181458,2.066269,9.221191
1499000709654,1.6024017,2.0466614,9.338867
1499000709674,1.5239563,2.007431,9.456543
1499000709694,1.5043335,2.066269,9.456543
1499000709714,1.4454956,2.066269,9.476166
1499000709784,1.1905212,2.0270538,9.456543
1499000709785,0.8374939,2.0466614,9.417328
1499000709786,0.7001953,2.0858917,9.338867
1499000709793,0.77864075,2.18396,9.299637
1499000709813,0.85710144,2.223175,9.201569
1499000709835,0.77864075,2.2820282,9.221191
1499000709854,0.5432892,2.2820282,9.299637
1499000709875,0.38638306,2.2624054,9.299637
1499000709898,0.38638306,2.3212433,9.456543
1499000709915,0.32754517,2.2427979,9.495773
1499000709938,0.24908447,2.1447296,9.495773
1499000709956,0.17063904,2.066269,9.476166
1499000709976,0.11180115,2.0270538,9.535004
1499000709996,0.19024658,1.9682007,9.574234
1499000710016,0.17063904,1.8701477,9.711517
1499000710038,0.24908447,1.7524567,9.848816
1499000710057,0.17063904,1.7524567,9.907654
1499000710077,0.30792236,1.9093628,9.888046
1499000710097,0.5432892,2.007431,9.848816
1499000710118,0.73942566,2.2624054,9.789978
1499000710138,0.79826355,2.2624054,9.750748
1499000710158,0.6217346,2.1643372,9.868423
1499000710177,0.4256134,2.1054993,9.907654
1499000710198,0.32754517,2.066269,9.789978
1499000710218,0.26870728,1.9682007,9.809586
1499000710279,0.24908447,1.9289856,9.888046
1499000710280,0.28831482,1.9485931,9.73114
1499000710280,0.3471527,1.9289856,9.535004
1499000710297,0.3471527,1.9682007,9.338867
1499000710317,0.32754517,1.9682007,9.201569
1499000710337,0.3471527,1.9289856,9.221191
1499000710357,0.32754517,1.8701477,9.260422
1499000710378,0.26870728,1.8309174,9.31926
1499000710399,0.26870728,1.8505249,9.495773
1499000710418,0.3667755,1.9485931,9.554611
1499000710439,0.50405884,2.1054993,9.495773
1499000710458,0.5628967,2.18396,9.456543
1499000710480,0.5628967,2.2035675,9.535004
1499000710499,0.5432892,2.1643372,9.829208
1499000710520,0.6021271,2.1251068,10.221466
1499000710541,0.6413574,2.066269,10.339142
1499000710561,0.66096497,2.0466614,10.0841675
1499000710583,0.5432892,2.0466614,9.927261
1499000710601,0.4256134,1.9878235,9.927261
1499000710623,0.26870728,1.8897552,9.848816
1499000710642,0.11180115,1.8112946,9.829208
1499000710661,0.19024658,1.7720795,9.73114
1499000710681,0.20986938,1.6936188,9.672302
1499000710701,0.19024658,1.6936188,9.613449
1499000710721,0.13140869,1.6936188,9.593842
1499000710781,0.17063904,1.7524567,9.456543
1499000710781,0.13140869,1.6936188,9.31926
1499000710781,0.11180115,1.6543884,9.378098
1499000710801,0.033340454,1.6936188,9.554611
1499000710820,0.033340454,1.6936188,9.593842
1499000710842,0.092178345,1.8309174,9.495773
1499000710861,0.24908447,1.9289856,9.613449
1499000710881,0.38638306,1.9485931,9.711517
1499000710901,0.5628967,1.8897552,9.946884
1499000710921,0.58251953,1.791687,10.10379
1499000710942,0.4648285,1.7132416,10.06456
1499000710962,0.4256134,1.6740112,9.9861145
1499000710981,0.4059906,1.6740112,9.750748
1499000711002,0.38638306,1.6740112,9.476166
1499000711022,0.32754517,1.6347809,9.397705
1499000711045,0.24908447,1.5955505,9.456543
1499000711064,0.13140869,1.6347809,9.456543
1499000711084,0.24908447,1.6740112,9.495773
1499000711104,0.4059906,1.7720795,9.593842
1499000711124,0.3667755,1.791687,9.809586
1499000711145,0.4059906,1.7328491,10.005722
1499000711165,0.4059906,1.7328491,10.10379
1499000711185,0.3667755,1.7132416,10.0841675
1499000711204,0.38638306,1.7720795,10.005722
1499000711225,0.4256134,1.9093628,9.73114
1499000711270,0.3667755,1.9682007,9.652679
1499000711270,0.3471527,1.8897552,9.672302
1499000711284,0.3667755,1.8309174,9.69191
1499000711304,0.3471527,1.7132416,9.750748
1499000711324,0.4059906,1.6936188,9.809586
1499000711345,0.3471527,1.7132416,9.711517
1499000711365,0.3471527,1.7720795,9.436935
1499000711385,0.3667755,1.8112946,9.35849
1499000711405,0.30792236,1.8505249,9.456543
1499000711425,0.30792236,1.791687,9.515396
1499000711447,0.24908447,1.8112946,9.633072
1499000711465,0.30792236,1.7720795,9.73114
1499000711485,0.4059906,1.8112946,9.73114
1499000711505,0.5432892,1.8505249,9.927261
1499000711530,0.52368164,1.791687,10.005722
1499000711548,0.4844513,1.8701477,9.907654
1499000711568,0.4256134,1.9289856,9.711517
1499000711589,0.38638306,1.8897552,9.574234
1499000711608,0.28831482,1.8701477,9.515396
1499000711629,0.32754517,1.8701477,9.456543
1499000711649,0.32754517,1.8505249,9.515396
1499000711668,0.32754517,1.791687,9.652679
1499000711689,0.24908447,1.8112946,9.750748
1499000711711,0.32754517,1.8112946,9.809586
1499000711728,0.32754517,1.8897552,9.809586
1499000711780,0.3471527,1.9093628,9.711517
1499000711781,0.3471527,1.9485931,9.652679
1499000711789,0.38638306,1.9485931,9.69191
1499000711809,0.3667755,1.9485931,9.750748
1499000711828,0.3667755,1.9682007,9.829208
1499000711850,0.32754517,1.9878235,9.829208
1499000711869,0.28831482,1.8897552,9.73114
1499000711889,0.11180115,1.9289856,9.633072
1499000711910,0.033340454,1.9485931,9.535004
1499000711930,0.13140869,1.8897552,9.593842
1499000711949,0.19024658,1.9093628,9.633072
1499000711970,0.22947693,1.8701477,9.770355
1499000711991,0.17063904,1.8112946,9.848816
1499000712010,0.26870728,1.8701477,9.868423
1499000712030,0.28831482,1.8897552,9.829208
1499000712051,0.3667755,1.8701477,9.770355
1499000712071,0.4059906,1.9485931,9.73114
1499000712091,0.4256134,1.9682007,9.633072
1499000712111,0.3471527,1.9878235,9.593842
1499000712131,0.22947693,1.9289856,9.554611
1499000712152,0.19024658,1.8897552,9.554611
1499000712171,0.13140869,1.8897552,9.593842
1499000712192,0.17063904,1.8701477,9.515396
1499000712212,0.19024658,1.8505249,9.672302
1499000712233,0.19024658,1.7720795,9.868423
1499000712265,0.15101624,1.7524567,9.907654
1499000712271,0.19024658,1.7524567,9.966492
1499000712291,0.19024658,1.7132416,9.927261
1499000712311,0.24908447,1.7328491,9.848816
1499000712332,0.28831482,1.7524567,9.672302
1499000712353,0.32754517,1.7720795,9.633072
1499000712373,0.30792236,1.6936188,9.652679
1499000712393,0.30792236,1.6543884,9.652679
1499000712413,0.3471527,1.7132416,9.652679
1499000712433,0.38638306,1.7524567,9.672302
1499000712454,0.44522095,1.7524567,9.672302
1499000712474,0.44522095,1.8112946,9.672302
1499000712494,0.38638306,1.8701477,9.574234
1499000712514,0.30792236,1.7720795,9.515396
1499000712535,0.26870728,1.6936188,9.593842
1499000712555,0.26870728,1.5955505,9.672302
1499000712574,0.24908447,1.575943,9.770355
1499000712594,0.30792236,1.5955505,9.770355
1499000712614,0.28831482,1.6347809,9.809586
1499000712634,0.4059906,1.6543884,9.711517
1499000712655,0.52368164,1.7524567,9.770355
1499000712674,0.50405884,1.6936188,9.848816
1499000712695,0.4844513,1.791687,9.809586
1499000712715,0.52368164,1.8309174,9.770355
1499000712735,0.58251953,1.8505249,9.770355
1499000712778,0.6021271,1.8701477,9.809586
1499000712779,0.52368164,1.8505249,9.711517
1499000712795,0.50405884,1.7720795,9.593842
1499000712814,0.4648285,1.6740112,9.633072
1499000712835,0.4059906,1.6347809,9.613449
1499000712867,0.4648285,1.575943,9.633072
1499000712875,0.3667755,1.4974823,9.652679
1499000712895,0.4059906,1.575943,9.652679
1499000712915,0.4256134,1.6151733,9.69191
1499000712947,0.4059906,1.6543884,9.613449
1499000712955,0.32754517,1.6936188,9.593842
1499000712975,0.38638306,1.6347809,9.69191
1499000712995,0.32754517,1.6740112,9.809586
1499000713016,0.28831482,1.6936188,9.848816
1499000713036,0.3471527,1.7720795,9.789978
1499000713057,0.4256134,1.7720795,9.711517
1499000713077,0.44522095,1.7524567,9.613449
1499000713098,0.4844513,1.7524567,9.633072
1499000713118,0.50405884,1.7328491,9.672302
1499000713138,0.4059906,1.6740112,9.672302
1499000713159,0.4059906,1.6936188,9.613449
1499000713178,0.3471527,1.6543884,9.613449
1499000713198,0.32754517,1.7132416,9.69191
1499000713219,0.3471527,1.6936188,9.73114
1499000713261,0.3471527,1.7328491,9.789978
1499000713261,0.4844513,1.7720795,9.848816
1499000713278,0.5628967,1.791687,9.848816
1499000713298,0.6217346,1.8309174,9.809586
1499000713318,0.52368164,1.791687,9.809586
1499000713338,0.44522095,1.7132416,9.770355
1499000713359,0.3667755,1.7132416,9.770355
1499000713378,0.30792236,1.7132416,9.613449
1499000713398,0.30792236,1.7328491,9.535004
1499000713420,0.28831482,1.7524567,9.613449
1499000713440,0.32754517,1.6543884,9.652679
1499000713461,0.32754517,1.6543884,9.750748
1499000713481,0.4059906,1.6740112,9.770355
1499000713501,0.4256134,1.7132416,9.770355
1499000713521,0.4059906,1.7132416,9.750748
1499000713541,0.4059906,1.7524567,9.770355
1499000713562,0.38638306,1.791687,9.711517
1499000713582,0.44522095,1.791687,9.711517
1499000713602,0.44522095,1.7328491,9.848816
1499000713622,0.3667755,1.7328491,9.888046
1499000713642,0.32754517,1.7328491,9.73114
1499000713663,0.3471527,1.6936188,9.574234
1499000713682,0.32754517,1.7720795,9.633072
1499000713702,0.44522095,1.8112946,9.789978
1499000713722,0.50405884,1.8112946,9.789978
1499000713778,0.4844513,1.7720795,9.848816
1499000713780,0.38638306,1.7524567,9.829208
1499000713782,0.32754517,1.7132416,9.750748
1499000713808,0.26870728,1.6151733,9.770355
1499000713824,0.26870728,1.5955505,9.750748
1499000713842,0.24908447,1.6347809,9.633072
1499000713863,0.26870728,1.6151733,9.613449
1499000713882,0.38638306,1.6936188,9.613449
1499000713902,0.4059906,1.791687,9.593842
1499000713922,0.44522095,1.791687,9.69191
1499000713945,0.4844513,1.791687,9.789978
1499000713965,0.4844513,1.7524567,9.809586
1499000713985,0.50405884,1.6543884,9.770355
1499000714005,0.4256134,1.6740112,9.809586
1499000714025,0.4256134,1.6543884,9.809586
1499000714046,0.52368164,1.6740112,9.73114
1499000714066,0.50405884,1.6936188,9.613449
1499000714085,0.4648285,1.7524567,9.633072
1499000714106,0.44522095,1.7720795,9.593842
1499000714125,0.50405884,1.6936188,9.711517
1499000714146,0.52368164,1.7132416,9.770355
1499000714166,0.50405884,1.7328491,9.848816
1499000714186,0.4059906,1.7524567,9.789978
1499000714206,0.4059906,1.7328491,9.789978
1499000714226,0.4256134,1.7328491,9.750748
1499000714261,0.4648285,1.8112946,9.436935
1499000714265,0.66096497,1.8897552,9.1623535
1499000714285,0.3667755,1.791687,9.495773
1499000714305,0.4059906,1.6347809,9.868423
